Periodo;IPC;PIB;PIB_no_minero;Brecha_PIB;Brecha_PIB_no_minero;Consumo_privado;Consumo_durable;Consumo_no_durable;Brecha_Consumo_privado;Exportaciones;Importaciones;Balanza_comercial;Tasa_desempleo;TPM;TCN;TCR;f2_ygap;f4_ygap;TC_IPC;TC_IPC_t_4;TC_PIBNM;IPC_t_1;PIB_t_1;PIB_no_minero_t_1;Brecha_PIB_t_1;Brecha_PIB_no_minero_t_1;Consumo_privado_t_1;Consumo_durable_t_1;Consumo_no_durable_t_1;Brecha_Consumo_privado_t_1;Exportaciones_t_1;Importaciones_t_1;Balanza_comercial_t_1;Tasa_desempleo_t_1;TPM_t_1;TCN_t_1;TCR_t_1;IPC_t_2;PIB_t_2;PIB_no_minero_t_2;Brecha_PIB_t_2;Brecha_PIB_no_minero_t_2;Consumo_privado_t_2;Consumo_durable_t_2;Consumo_no_durable_t_2;Brecha_Consumo_privado_t_2;Exportaciones_t_2;Importaciones_t_2;Balanza_comercial_t_2;Tasa_desempleo_t_2;TPM_t_2;TCN_t_2;TCR_t_2;IPC_t_3;PIB_t_3;PIB_no_minero_t_3;Brecha_PIB_t_3;Brecha_PIB_no_minero_t_3;Consumo_privado_t_3;Consumo_durable_t_3;Consumo_no_durable_t_3;Brecha_Consumo_privado_t_3;Exportaciones_t_3;Importaciones_t_3;Balanza_comercial_t_3;Tasa_desempleo_t_3;TPM_t_3;TCN_t_3;TCR_t_3;IPC_t_4;PIB_t_4;PIB_no_minero_t_4;Brecha_PIB_t_4;Brecha_PIB_no_minero_t_4;Consumo_privado_t_4;Consumo_durable_t_4;Consumo_no_durable_t_4;Brecha_Consumo_privado_t_4;Exportaciones_t_4;Importaciones_t_4;Balanza_comercial_t_4;Tasa_desempleo_t_4;TPM_t_4;TCN_t_4;TCR_t_4;DIF_IPC;DIF_PIB;DIF_PIB_no_minero;DIF_Brecha_PIB;DIF_Brecha_PIB_no_minero;DIF_Consumo_privado;DIF_Consumo_durable;DIF_Consumo_no_durable;DIF_Brecha_Consumo_privado;DIF_Exportaciones;DIF_Importaciones;DIF_Balanza_comercial;DIF_Tasa_desempleo;DIF_TPM;DIF_TCN;DIF_TCR;DIF_IPC_t_1;DIF_PIB_t_1;DIF_PIB_no_minero_t_1;DIF_Brecha_PIB_t_1;DIF_Brecha_PIB_no_minero_t_1;DIF_Consumo_privado_t_1;DIF_Consumo_durable_t_1;DIF_Consumo_no_durable_t_1;DIF_Brecha_Consumo_privado_t_1;DIF_Exportaciones_t_1;DIF_Importaciones_t_1;DIF_Balanza_comercial_t_1;DIF_Tasa_desempleo_t_1;DIF_TPM_t_1;DIF_TCN_t_1;DIF_TCR_t_1;DIF_IPC_t_2;DIF_PIB_t_2;DIF_PIB_no_minero_t_2;DIF_Brecha_PIB_t_2;DIF_Brecha_PIB_no_minero_t_2;DIF_Consumo_privado_t_2;DIF_Consumo_durable_t_2;DIF_Consumo_no_durable_t_2;DIF_Brecha_Consumo_privado_t_2;DIF_Exportaciones_t_2;DIF_Importaciones_t_2;DIF_Balanza_comercial_t_2;DIF_Tasa_desempleo_t_2;DIF_TPM_t_2;DIF_TCN_t_2;DIF_TCR_t_2;DIF_IPC_t_3;DIF_PIB_t_3;DIF_PIB_no_minero_t_3;DIF_Brecha_PIB_t_3;DIF_Brecha_PIB_no_minero_t_3;DIF_Consumo_privado_t_3;DIF_Consumo_durable_t_3;DIF_Consumo_no_durable_t_3;DIF_Brecha_Consumo_privado_t_3;DIF_Exportaciones_t_3;DIF_Importaciones_t_3;DIF_Balanza_comercial_t_3;DIF_Tasa_desempleo_t_3;DIF_TPM_t_3;DIF_TCN_t_3;DIF_TCR_t_3;LN_IPC;LN_PIB;LN_PIB_no_minero;LN_Brecha_PIB;LN_Brecha_PIB_no_minero;LN_Consumo_privado;LN_Consumo_durable;LN_Consumo_no_durable;LN_Brecha_Consumo_privado;LN_Exportaciones;LN_Importaciones;LN_Balanza_comercial;LN_Tasa_desempleo;LN_TPM;LN_TCN;LN_TCR;LN_IPC_t_1;LN_PIB_t_1;LN_PIB_no_minero_t_1;LN_Brecha_PIB_t_1;LN_Brecha_PIB_no_minero_t_1;LN_Consumo_privado_t_1;LN_Consumo_durable_t_1;LN_Consumo_no_durable_t_1;LN_Brecha_Consumo_privado_t_1;LN_Exportaciones_t_1;LN_Importaciones_t_1;LN_Balanza_comercial_t_1;LN_Tasa_desempleo_t_1;LN_TPM_t_1;LN_TCN_t_1;LN_TCR_t_1;LN_IPC_t_2;LN_PIB_t_2;LN_PIB_no_minero_t_2;LN_Brecha_PIB_t_2;LN_Brecha_PIB_no_minero_t_2;LN_Consumo_privado_t_2;LN_Consumo_durable_t_2;LN_Consumo_no_durable_t_2;LN_Brecha_Consumo_privado_t_2;LN_Exportaciones_t_2;LN_Importaciones_t_2;LN_Balanza_comercial_t_2;LN_Tasa_desempleo_t_2;LN_TPM_t_2;LN_TCN_t_2;LN_TCR_t_2;LN_IPC_t_3;LN_PIB_t_3;LN_PIB_no_minero_t_3;LN_Brecha_PIB_t_3;LN_Brecha_PIB_no_minero_t_3;LN_Consumo_privado_t_3;LN_Consumo_durable_t_3;LN_Consumo_no_durable_t_3;LN_Brecha_Consumo_privado_t_3;LN_Exportaciones_t_3;LN_Importaciones_t_3;LN_Balanza_comercial_t_3;LN_Tasa_desempleo_t_3;LN_TPM_t_3;LN_TCN_t_3;LN_TCR_t_3;DIF_LN_IPC;DIF_LN_PIB;DIF_LN_PIB_no_minero;DIF_LN_Brecha_PIB;DIF_LN_Brecha_PIB_no_minero;DIF_LN_Consumo_privado;DIF_LN_Consumo_durable;DIF_LN_Consumo_no_durable;DIF_LN_Brecha_Consumo_privado;DIF_LN_Exportaciones;DIF_LN_Importaciones;DIF_LN_Balanza_comercial;DIF_LN_Tasa_desempleo;DIF_LN_TPM;DIF_LN_TCN;DIF_LN_TCR;DIF_LN_IPC_t_1;DIF_LN_PIB_t_1;DIF_LN_PIB_no_minero_t_1;DIF_LN_Brecha_PIB_t_1;DIF_LN_Brecha_PIB_no_minero_t_1;DIF_LN_Consumo_privado_t_1;DIF_LN_Consumo_durable_t_1;DIF_LN_Consumo_no_durable_t_1;DIF_LN_Brecha_Consumo_privado_t_1;DIF_LN_Exportaciones_t_1;DIF_LN_Importaciones_t_1;DIF_LN_Balanza_comercial_t_1;DIF_LN_Tasa_desempleo_t_1;DIF_LN_TPM_t_1;DIF_LN_TCN_t_1;DIF_LN_TCR_t_1;DIF_LN_IPC_t_2;DIF_LN_PIB_t_2;DIF_LN_PIB_no_minero_t_2;DIF_LN_Brecha_PIB_t_2;DIF_LN_Brecha_PIB_no_minero_t_2;DIF_LN_Consumo_privado_t_2;DIF_LN_Consumo_durable_t_2;DIF_LN_Consumo_no_durable_t_2;DIF_LN_Brecha_Consumo_privado_t_2;DIF_LN_Exportaciones_t_2;DIF_LN_Importaciones_t_2;DIF_LN_Balanza_comercial_t_2;DIF_LN_Tasa_desempleo_t_2;DIF_LN_TPM_t_2;DIF_LN_TCN_t_2;DIF_LN_TCR_t_2;DIF_LN_IPC_t_3;DIF_LN_PIB_t_3;DIF_LN_PIB_no_minero_t_3;DIF_LN_Brecha_PIB_t_3;DIF_LN_Brecha_PIB_no_minero_t_3;DIF_LN_Consumo_privado_t_3;DIF_LN_Consumo_durable_t_3;DIF_LN_Consumo_no_durable_t_3;DIF_LN_Brecha_Consumo_privado_t_3;DIF_LN_Exportaciones_t_3;DIF_LN_Importaciones_t_3;DIF_LN_Balanza_comercial_t_3;DIF_LN_Tasa_desempleo_t_3;DIF_LN_TPM_t_3;DIF_LN_TCN_t_3;DIF_LN_TCR_t_3
mar.1996;47,29;16.472;13.821;0,00;0,00;8.760;365;4.314;0;4.292;4.093;199;6,6;6,70;410;86,9;0,00;0,00;0,00;0,00;0,00;;;;;;;;;;;;;;;;;;;;;;;;;;;;;;;;;;;;;;;;;;;;;;;;;;;;;;;;;;;;;;;;;;;;;;;;;;;;;;;;;;;;;;;;;;;;;;;;;;;;;;;;;;;;;;;;;;;;;;;;;;;;;;;;;3,85624465;9,709409341;9,533976857;#NUM!;#NUM!;9,077912604;5,899735732;8,369658096;#NUM!;8,364484804;8,317082339;5,29179615;1,883285102;1,902107526;6,016936581;4,464629517;;;;;;;;;;;;;;;;;;;;;;;;;;;;;;;;;;;;;;;;;;;;;;;;;;;;;;;;;;;;;;;;;;;;;;;;;;;;;;;;;;;;;;;;;;;;;;;;;;;;;;;;;;;;;;;;
jun.1996;48,29;16.700;13.975;0,00;0,00;9.217;405;4.232;0;4.572;4.206;366;6,6;7,44;408;84,2;0,00;0,00;0,00;0,00;0,00;47,28743663;16471,86975;13821,44785;0;0;8759,662047;364,941013;4314,160783;0;4291,9;4093,2;198,7;6,575069192;6,7;410,3196875;86,88883272;;;;;;;;;;;;;;;;;;;;;;;;;;;;;;;;;;;;;;;;;;;;;;;;;;;;;;;;;;;;;;;;;;;;;;;;;;;;;;;;;;;;;;;;;;;;;;;;;;;;;;;;;;;;;;;;;3,877187718;9,723159078;9,54500762;#NUM!;#NUM!;9,128785182;6,003823529;8,350473026;#NUM!;8,427596658;8,344196027;5,902086736;1,883984498;2,00642272;6,01154237;4,433034525;3,85624465;9,709409341;9,533976857;#NUM!;#NUM!;9,077912604;5,899735732;8,369658096;#NUM!;8,364484804;8,317082339;5,29179615;1,883285102;1,902107526;6,016936581;4,464629517;;;;;;;;;;;;;;;;;;;;;;;;;;;;;;;;;;;;;;;;;;;;;;;;;;;;;;;;;;;;;;;;;;;;;;;;;;;;;;;;;;;;;;;;;;;;;;;;
sept.1996;48,65;16.043;13.276;0,00;0,00;9.073;407;4.182;0;3.876;4.517;-641;6,8;7,50;411;83,8;0,00;0,00;0,00;0,00;0,00;48,28822381;16699,91783;13974,75295;0;0;9216,818404;404,9742678;4232,1822;0;4571,5;4205,7;365,8;6,579669381;7,436666667;408,1122951;84,18649568;47,28743663;16471,86975;13821,44785;0;0;8759,662047;364,941013;4314,160783;0;4291,9;4093,2;198,7;6,575069192;6,7;410,3196875;86,88883272;;;;;;;;;;;;;;;;;;;;;;;;;;;;;;;;;;;;;;;;;;;;;;;;;;;;;;;;;;;;;;;;;;;;;;;;;;;;;;;;;;;;;;;;;;;;;;;;;3,884712644;9,683006964;9,493714887;#NUM!;#NUM!;9,113027087;6,008576669;8,338476129;#NUM!;8,262610571;8,415581197;#NUM!;1,913030572;2,014903021;6,019022445;4,428538916;3,877187718;9,723159078;9,54500762;#NUM!;#NUM!;9,128785182;6,003823529;8,350473026;#NUM!;8,427596658;8,344196027;5,902086736;1,883984498;2,00642272;6,01154237;4,433034525;3,85624465;9,709409341;9,533976857;#NUM!;#NUM!;9,077912604;5,899735732;8,369658096;#NUM!;8,364484804;8,317082339;5,29179615;1,883285102;1,902107526;6,016936581;4,464629517;;;;;;;;;;;;;;;;;;;;;;;;;;;;;;;;;;;;;;;;;;;;;;;;;;;;;;;;;;;;;;;;;;;;;;;;;;;;;;;;
dic.1996;49,40;17.492;14.574;0,00;0,00;9.978;494;4.703;-1;3.887;4.883;-996;5,4;7,50;419;83,8;0,00;0,00;0,00;0,00;0,00;48,65295972;16042,66418;13276,02275;0;0;9072,717274;406,9037494;4181,712493;0;3876,2;4516,9;-640,7;6,773585562;7,5;411,1764516;83,8088756;48,28822381;16699,91783;13974,75295;0;0;9216,818404;404,9742678;4232,1822;0;4571,5;4205,7;365,8;6,579669381;7,436666667;408,1122951;84,18649568;47,28743663;16471,86975;13821,44785;0;0;8759,662047;364,941013;4314,160783;0;4291,9;4093,2;198,7;6,575069192;6,7;410,3196875;86,88883272;;;;;;;;;;;;;;;;;;;;;;;;;;;;;;;;;;;;;;;;;;;;;;;;;;;;;;;;;;;;;;;;;;;;;;;;;;;;;;;;;3,899940034;9,769510237;9,586974256;#NUM!;#NUM!;9,208168104;6,201539322;8,455920751;#NUM!;8,265470108;8,493494585;#NUM!;1,684922578;2,014903021;6,038231123;4,428013155;3,884712644;9,683006964;9,493714887;#NUM!;#NUM!;9,113027087;6,008576669;8,338476129;#NUM!;8,262610571;8,415581197;#NUM!;1,913030572;2,014903021;6,019022445;4,428538916;3,877187718;9,723159078;9,54500762;#NUM!;#NUM!;9,128785182;6,003823529;8,350473026;#NUM!;8,427596658;8,344196027;5,902086736;1,883984498;2,00642272;6,01154237;4,433034525;3,85624465;9,709409341;9,533976857;#NUM!;#NUM!;9,077912604;5,899735732;8,369658096;#NUM!;8,364484804;8,317082339;5,29179615;1,883285102;1,902107526;6,016936581;4,464629517;;;;;;;;;;;;;;;;;;;;;;;;;;;;;;;;;;;;;;;;;;;;;;;;;;;;;;;;;;;;;;;;
mar.1997;50,58;17.387;14.516;0,00;0,00;9.181;371;4.461;-1;4.956;4.307;649;5,8;7,35;418;80,5;0,00;0,00;6,96;0,00;5,03;49,39948675;17492,19809;14573,70645;0;0;9978,300897;493,5081248;4702,834782;-1,446081539;3887,3;4882,9;-995,6;5,392033453;7,5;419,1509524;83,76482378;48,65295972;16042,66418;13276,02275;0;0;9072,717274;406,9037494;4181,712493;0;3876,2;4516,9;-640,7;6,773585562;7,5;411,1764516;83,8088756;48,28822381;16699,91783;13974,75295;0;0;9216,818404;404,9742678;4232,1822;0;4571,5;4205,7;365,8;6,579669381;7,436666667;408,1122951;84,18649568;47,28743663;16471,86975;13821,44785;0;0;8759,662047;364,941013;4314,160783;0;4291,9;4093,2;198,7;6,575069192;6,7;410,3196875;86,88883272;3,289107369;915,6066978;694,7295124;0;0;421,7605248;5,819121273;146,6691625;-1,322287193;664,1;214,2;449,9;-0,739418417;0,653333333;7,879344758;-6,406034683;;;;;;;;;;;;;;;;;;;;;;;;;;;;;;;;;;;;;;;;;;;;;;;;;3,923487911;9,763505481;9,583018987;#NUM!;#NUM!;9,124937436;5,915555315;8,403090114;#NUM!;8,508354243;8,368089753;6,474816194;1,763985789;1,995153725;6,035957473;4,388043473;3,899940034;9,769510237;9,586974256;#NUM!;#NUM!;9,208168104;6,201539322;8,455920751;#NUM!;8,265470108;8,493494585;#NUM!;1,684922578;2,014903021;6,038231123;4,428013155;3,884712644;9,683006964;9,493714887;#NUM!;#NUM!;9,113027087;6,008576669;8,338476129;#NUM!;8,262610571;8,415581197;#NUM!;1,913030572;2,014903021;6,019022445;4,428538916;3,877187718;9,723159078;9,54500762;#NUM!;#NUM!;9,128785182;6,003823529;8,350473026;#NUM!;8,427596658;8,344196027;5,902086736;1,883984498;2,00642272;6,01154237;4,433034525;0,067243262;0,05409614;0,04904213;#NUM!;#NUM!;0,047024832;0,015819583;0,033432018;#NUM!;0,143869438;0,051007414;1,183020044;-0,119299312;0,093046199;0,019020891;-0,076586044;;;;;;;;;;;;;;;;;;;;;;;;;;;;;;;;;;;;;;;;;;;;;;;;
jun.1997;50,98;17.857;14.849;0,00;0,00;9.769;445;4.424;-1;4.619;4.508;112;6,6;6,97;418;79,1;0,00;0,00;5,58;0,00;6,26;50,576544;17387,47644;14516,17736;0;0;9181,422572;370,7601343;4460,829945;-1,322287193;4956;4307,4;648,6;5,835650775;7,353333333;418,1990323;80,48279803;49,39948675;17492,19809;14573,70645;0;0;9978,300897;493,5081248;4702,834782;-1,446081539;3887,3;4882,9;-995,6;5,392033453;7,5;419,1509524;83,76482378;48,65295972;16042,66418;13276,02275;0;0;9072,717274;406,9037494;4181,712493;0;3876,2;4516,9;-640,7;6,773585562;7,5;411,1764516;83,8088756;48,28822381;16699,91783;13974,75295;0;0;9216,818404;404,9742678;4232,1822;0;4571,5;4205,7;365,8;6,579669381;7,436666667;408,1122951;84,18649568;2,696051639;1157,031903;874,2203554;0;0;551,9674257;39,71405418;191,646603;-0,851034135;47,9;301,9;-254;0,022274112;-0,47;9,727221047;-5,11411281;3,289107369;915,6066978;694,7295124;0;0;421,7605248;5,819121273;146,6691625;-1,322287193;664,1;214,2;449,9;-0,739418417;0,653333333;7,879344758;-6,406034683;;;;;;;;;;;;;;;;;;;;;;;;;;;;;;;;;3,931517261;9,790148052;9,605686004;#NUM!;#NUM!;9,186947462;6,097373637;8,394760845;#NUM!;8,438020106;8,41352014;4,716711561;1,887364074;1,94113687;6,035097426;4,370363672;3,923487911;9,763505481;9,583018987;#NUM!;#NUM!;9,124937436;5,915555315;8,403090114;#NUM!;8,508354243;8,368089753;6,474816194;1,763985789;1,995153725;6,035957473;4,388043473;3,899940034;9,769510237;9,586974256;#NUM!;#NUM!;9,208168104;6,201539322;8,455920751;#NUM!;8,265470108;8,493494585;#NUM!;1,684922578;2,014903021;6,038231123;4,428013155;3,884712644;9,683006964;9,493714887;#NUM!;#NUM!;9,113027087;6,008576669;8,338476129;#NUM!;8,262610571;8,415581197;#NUM!;1,913030572;2,014903021;6,019022445;4,428538916;0,054329543;0,066988974;0,060678384;#NUM!;#NUM!;0,05816228;0,093550108;0,04428782;#NUM!;0,010423448;0,069324113;-1,185375175;0,003379576;-0,065285849;0,023555057;-0,062670853;0,067243262;0,05409614;0,04904213;#NUM!;#NUM!;0,047024832;0,015819583;0,033432018;#NUM!;0,143869438;0,051007414;1,183020044;-0,119299312;0,093046199;0,019020891;-0,076586044;;;;;;;;;;;;;;;;;;;;;;;;;;;;;;;;
sept.1997;51,44;17.320;14.381;0,00;0,00;9.890;508;4.511;0;4.104;5.003;-899;6,7;6,68;416;76,8;0,00;0,00;5,72;0,00;8,32;50,98427545;17856,94973;14848,97331;0;0;9768,78583;444,688322;4423,828803;-0,851034135;4619,4;4507,6;111,8;6,601943493;6,966666667;417,8395161;79,07238287;50,576544;17387,47644;14516,17736;0;0;9181,422572;370,7601343;4460,829945;-1,322287193;4956;4307,4;648,6;5,835650775;7,353333333;418,1990323;80,48279803;49,39948675;17492,19809;14573,70645;0;0;9978,300897;493,5081248;4702,834782;-1,446081539;3887,3;4882,9;-995,6;5,392033453;7,5;419,1509524;83,76482378;48,65295972;16042,66418;13276,02275;0;0;9072,717274;406,9037494;4181,712493;0;3876,2;4516,9;-640,7;6,773585562;7,5;411,1764516;83,8088756;2,783678372;1276,899417;1105,135682;0;0;817,4632766;100,6873852;329,4336217;0,312355748;227,9;486;-258,1;-0,077109819;-0,823333333;4,341612903;-7,021488097;2,696051639;1157,031903;874,2203554;0;0;551,9674257;39,71405418;191,646603;-0,851034135;47,9;301,9;-254;0,022274112;-0,47;9,727221047;-5,11411281;3,289107369;915,6066978;694,7295124;0;0;421,7605248;5,819121273;146,6691625;-1,322287193;664,1;214,2;449,9;-0,739418417;0,653333333;7,879344758;-6,406034683;;;;;;;;;;;;;;;;;3,940350722;9,759591985;9,573674187;#NUM!;#NUM!;9,19929768;6,22967627;8,414306528;-1,163612524;8,319741753;8,517773023;#NUM!;1,901581379;1,898618861;6,02952609;4,341040401;3,931517261;9,790148052;9,605686004;#NUM!;#NUM!;9,186947462;6,097373637;8,394760845;#NUM!;8,438020106;8,41352014;4,716711561;1,887364074;1,94113687;6,035097426;4,370363672;3,923487911;9,763505481;9,583018987;#NUM!;#NUM!;9,124937436;5,915555315;8,403090114;#NUM!;8,508354243;8,368089753;6,474816194;1,763985789;1,995153725;6,035957473;4,388043473;3,899940034;9,769510237;9,586974256;#NUM!;#NUM!;9,208168104;6,201539322;8,455920751;#NUM!;8,265470108;8,493494585;#NUM!;1,684922578;2,014903021;6,038231123;4,428013155;0,055638078;0,076585022;0,0799593;#NUM!;#NUM!;0,086270593;0,221099601;0,075830399;#NUM!;0,057131182;0,102191826;#NUM!;-0,011449192;-0,11628416;0,010503645;-0,087498515;0,054329543;0,066988974;0,060678384;#NUM!;#NUM!;0,05816228;0,093550108;0,04428782;#NUM!;0,010423448;0,069324113;-1,185375175;0,003379576;-0,065285849;0,023555057;-0,062670853;0,067243262;0,05409614;0,04904213;#NUM!;#NUM!;0,047024832;0,015819583;0,033432018;#NUM!;0,143869438;0,051007414;1,183020044;-0,119299312;0,093046199;0,019020891;-0,076586044;;;;;;;;;;;;;;;;
dic.1997;52,51;19.098;15.908;0,00;0,00;11.005;644;5.149;2;4.191;5.480;-1.289;5,3;6,50;425;76,3;0,00;0,00;6,30;0,00;9,15;51,43663809;17319,5636;14381,15844;0;0;9890,180551;507,5911346;4511,146115;0,312355748;4104,1;5002,9;-898,8;6,696475743;6,676666667;415,5180645;76,7873875;50,98427545;17856,94973;14848,97331;0;0;9768,78583;444,688322;4423,828803;-0,851034135;4619,4;4507,6;111,8;6,601943493;6,966666667;417,8395161;79,07238287;50,576544;17387,47644;14516,17736;0;0;9181,422572;370,7601343;4460,829945;-1,322287193;4956;4307,4;648,6;5,835650775;7,353333333;418,1990323;80,48279803;49,39948675;17492,19809;14573,70645;0;0;9978,300897;493,5081248;4702,834782;-1,446081539;3887,3;4882,9;-995,6;5,392033453;7,5;419,1509524;83,76482378;3,109808758;1605,358428;1333,908397;0;0;1026,617633;150,8319582;445,8513619;3,456222506;303,5;597;-293,5;-0,050027549;-1;6,189365079;-7,478755953;2,783678372;1276,899417;1105,135682;0;0;817,4632766;100,6873852;329,4336217;0,312355748;227,9;486;-258,1;-0,077109819;-0,823333333;4,341612903;-7,021488097;2,696051639;1157,031903;874,2203554;0;0;551,9674257;39,71405418;191,646603;-0,851034135;47,9;301,9;-254;0,022274112;-0,47;9,727221047;-5,11411281;3,289107369;915,6066978;694,7295124;0;0;421,7605248;5,819121273;146,6691625;-1,322287193;664,1;214,2;449,9;-0,739418417;0,653333333;7,879344758;-6,406034683;3,960990211;9,857315675;9,674553195;#NUM!;#NUM!;9,306097591;6,468226666;8,546496843;0,698204853;8,340646925;8,608842132;#NUM!;1,67560122;1,871802177;6,052889595;4,334490324;3,940350722;9,759591985;9,573674187;#NUM!;#NUM!;9,19929768;6,22967627;8,414306528;-1,163612524;8,319741753;8,517773023;#NUM!;1,901581379;1,898618861;6,02952609;4,341040401;3,931517261;9,790148052;9,605686004;#NUM!;#NUM!;9,186947462;6,097373637;8,394760845;#NUM!;8,438020106;8,41352014;4,716711561;1,887364074;1,94113687;6,035097426;4,370363672;3,923487911;9,763505481;9,583018987;#NUM!;#NUM!;9,124937436;5,915555315;8,403090114;#NUM!;8,508354243;8,368089753;6,474816194;1,763985789;1,995153725;6,035957473;4,388043473;0,061050177;0,087805438;0,087578939;#NUM!;#NUM!;0,097929487;0,266687344;0,090576092;#NUM!;0,075176817;0,115347547;#NUM!;-0,009321358;-0,143100844;0,014658472;-0,093522831;0,055638078;0,076585022;0,0799593;#NUM!;#NUM!;0,086270593;0,221099601;0,075830399;#NUM!;0,057131182;0,102191826;#NUM!;-0,011449192;-0,11628416;0,010503645;-0,087498515;0,054329543;0,066988974;0,060678384;#NUM!;#NUM!;0,05816228;0,093550108;0,04428782;#NUM!;0,010423448;0,069324113;-1,185375175;0,003379576;-0,065285849;0,023555057;-0,062670853;0,067243262;0,05409614;0,04904213;#NUM!;#NUM!;0,047024832;0,015819583;0,033432018;#NUM!;0,143869438;0,051007414;1,183020044;-0,119299312;0,093046199;0,019020891;-0,076586044
mar.1998;53,41;18.759;15.652;0,00;0,00;10.085;493;4.807;3;4.325;4.852;-527;5,3;7,91;452;77,8;0,00;0,00;5,60;6,96;7,83;52,50929551;19097,55652;15907,61485;0;0;11004,91853;644,3400831;5148,686144;2,010140967;4190,8;5479,9;-1289,1;5,342005904;6,5;425,3403175;76,28606783;51,43663809;17319,5636;14381,15844;0;0;9890,180551;507,5911346;4511,146115;0,312355748;4104,1;5002,9;-898,8;6,696475743;6,676666667;415,5180645;76,7873875;50,98427545;17856,94973;14848,97331;0;0;9768,78583;444,688322;4423,828803;-0,851034135;4619,4;4507,6;111,8;6,601943493;6,966666667;417,8395161;79,07238287;50,576544;17387,47644;14516,17736;0;0;9181,422572;370,7601343;4460,829945;-1,322287193;4956;4307,4;648,6;5,835650775;7,353333333;418,1990323;80,48279803;2,831955982;1371,869802;1135,933537;0;0;903,483931;122,6554634;345,8780094;4,713334105;-631,5;544,2;-1175,7;-0,536892865;0,556666667;33,34826933;-2,662088817;3,109808758;1605,358428;1333,908397;0;0;1026,617633;150,8319582;445,8513619;3,456222506;303,5;597;-293,5;-0,050027549;-1;6,189365079;-7,478755953;2,783678372;1276,899417;1105,135682;0;0;817,4632766;100,6873852;329,4336217;0,312355748;227,9;486;-258,1;-0,077109819;-0,823333333;4,341612903;-7,021488097;2,696051639;1157,031903;874,2203554;0;0;551,9674257;39,71405418;191,646603;-0,851034135;47,9;301,9;-254;0,022274112;-0,47;9,727221047;-5,11411281;3,977969909;9,839447374;9,658361069;#NUM!;#NUM!;9,218795179;6,201351816;8,477767712;1,221138697;8,372051806;8,487063826;#NUM!;1,667472437;2,068127782;6,112680133;4,354407581;3,960990211;9,857315675;9,674553195;#NUM!;#NUM!;9,306097591;6,468226666;8,546496843;0,698204853;8,340646925;8,608842132;#NUM!;1,67560122;1,871802177;6,052889595;4,334490324;3,940350722;9,759591985;9,573674187;#NUM!;#NUM!;9,19929768;6,22967627;8,414306528;-1,163612524;8,319741753;8,517773023;#NUM!;1,901581379;1,898618861;6,02952609;4,341040401;3,931517261;9,790148052;9,605686004;#NUM!;#NUM!;9,186947462;6,097373637;8,394760845;#NUM!;8,438020106;8,41352014;4,716711561;1,887364074;1,94113687;6,035097426;4,370363672;0,054481997;0,075941892;0,075342082;#NUM!;#NUM!;0,093857744;0,285796501;0,074677598;#NUM!;-0,136302437;0,118974074;#NUM!;-0,096513353;0,072974057;0,07672266;-0,033635891;0,061050177;0,087805438;0,087578939;#NUM!;#NUM!;0,097929487;0,266687344;0,090576092;#NUM!;0,075176817;0,115347547;#NUM!;-0,009321358;-0,143100844;0,014658472;-0,093522831;0,055638078;0,076585022;0,0799593;#NUM!;#NUM!;0,086270593;0,221099601;0,075830399;#NUM!;0,057131182;0,102191826;#NUM!;-0,011449192;-0,11628416;0,010503645;-0,087498515;0,054329543;0,066988974;0,060678384;#NUM!;#NUM!;0,05816228;0,093550108;0,04428782;#NUM!;0,010423448;0,069324113;-1,185375175;0,003379576;-0,065285849;0,023555057;-0,062670853
jun.1998;53,73;19.119;15.874;0,00;0,00;10.639;570;4.743;5;4.324;4.793;-470;6,1;8,50;454;77,6;0,00;0,00;5,39;5,58;6,91;53,40849998;18759,34625;15652,1109;0;0;10084,9065;493,4155977;4806,707955;3,391046913;4324,5;4851,6;-527,1;5,29875791;7,91;451,5473016;77,82070922;52,50929551;19097,55652;15907,61485;0;0;11004,91853;644,3400831;5148,686144;2,010140967;4190,8;5479,9;-1289,1;5,342005904;6,5;425,3403175;76,28606783;51,43663809;17319,5636;14381,15844;0;0;9890,180551;507,5911346;4511,146115;0,312355748;4104,1;5002,9;-898,8;6,696475743;6,676666667;415,5180645;76,7873875;50,98427545;17856,94973;14848,97331;0;0;9768,78583;444,688322;4423,828803;-0,851034135;4619,4;4507,6;111,8;6,601943493;6,966666667;417,8395161;79,07238287;2,745906495;1262,355023;1025,386046;0;0;870,1097163;125,1855673;319,3365494;5,545585312;-295,7;285,6;-581,3;-0,461973173;1,533333333;36,61498387;-1,49061537;2,831955982;1371,869802;1135,933537;0;0;903,483931;122,6554634;345,8780094;4,713334105;-631,5;544,2;-1175,7;-0,536892865;0,556666667;33,34826933;-2,662088817;3,109808758;1605,358428;1333,908397;0;0;1026,617633;150,8319582;445,8513619;3,456222506;303,5;597;-293,5;-0,050027549;-1;6,189365079;-7,478755953;2,783678372;1276,899417;1105,135682;0;0;817,4632766;100,6873852;329,4336217;0,312355748;227,9;486;-258,1;-0,077109819;-0,823333333;4,341612903;-7,021488097;3,983974891;9,858453824;9,672460467;#NUM!;#NUM!;9,272271955;6,345415089;8,464459988;1,546402512;8,371866796;8,474953526;#NUM!;1,814819908;2,140066163;6,119097799;4,351332445;3,977969909;9,839447374;9,658361069;#NUM!;#NUM!;9,218795179;6,201351816;8,477767712;1,221138697;8,372051806;8,487063826;#NUM!;1,667472437;2,068127782;6,112680133;4,354407581;3,960990211;9,857315675;9,674553195;#NUM!;#NUM!;9,306097591;6,468226666;8,546496843;0,698204853;8,340646925;8,608842132;#NUM!;1,67560122;1,871802177;6,052889595;4,334490324;3,940350722;9,759591985;9,573674187;#NUM!;#NUM!;9,19929768;6,22967627;8,414306528;-1,163612524;8,319741753;8,517773023;#NUM!;1,901581379;1,898618861;6,02952609;4,341040401;0,05245763;0,068305772;0,066774463;#NUM!;#NUM!;0,085324493;0,248041453;0,069699143;#NUM!;-0,066153309;0,061433386;#NUM!;-0,072544166;0,198929293;0,084000372;-0,019031227;0,054481997;0,075941892;0,075342082;#NUM!;#NUM!;0,093857744;0,285796501;0,074677598;#NUM!;-0,136302437;0,118974074;#NUM!;-0,096513353;0,072974057;0,07672266;-0,033635891;0,061050177;0,087805438;0,087578939;#NUM!;#NUM!;0,097929487;0,266687344;0,090576092;#NUM!;0,075176817;0,115347547;#NUM!;-0,009321358;-0,143100844;0,014658472;-0,093522831;0,055638078;0,076585022;0,0799593;#NUM!;#NUM!;0,086270593;0,221099601;0,075830399;#NUM!;0,057131182;0,102191826;#NUM!;-0,011449192;-0,11628416;0,010503645;-0,087498515
sept.1998;54,04;18.032;14.907;0,00;0,00;10.257;519;4.625;5;3.808;4.743;-935;6,9;9,33;469;78,4;0,00;0,00;5,07;5,72;3,66;53,73018195;19119,30475;15874,35935;0;0;10638,89555;569,8738893;4743,165353;4,694551177;4323,7;4793,2;-469,5;6,13997032;8,5;454,4545;77,5817675;53,40849998;18759,34625;15652,1109;0;0;10084,9065;493,4155977;4806,707955;3,391046913;4324,5;4851,6;-527,1;5,29875791;7,91;451,5473016;77,82070922;52,50929551;19097,55652;15907,61485;0;0;11004,91853;644,3400831;5148,686144;2,010140967;4190,8;5479,9;-1289,1;5,342005904;6,5;425,3403175;76,28606783;51,43663809;17319,5636;14381,15844;0;0;9890,180551;507,5911346;4511,146115;0,312355748;4104,1;5002,9;-898,8;6,696475743;6,676666667;415,5180645;76,7873875;2,606587524;712,207547;525,9705056;0;0;366,6851409;11,40408834;113,8734112;4,440672162;-296,1;-259,7;-36,4;0,164567646;2,648333333;53,12412298;1,60559087;2,745906495;1262,355023;1025,386046;0;0;870,1097163;125,1855673;319,3365494;5,545585312;-295,7;285,6;-581,3;-0,461973173;1,533333333;36,61498387;-1,49061537;2,831955982;1371,869802;1135,933537;0;0;903,483931;122,6554634;345,8780094;4,713334105;-631,5;544,2;-1175,7;-0,536892865;0,556666667;33,34826933;-2,662088817;3,109808758;1605,358428;1333,908397;0;0;1026,617633;150,8319582;445,8513619;3,456222506;303,5;597;-293,5;-0,050027549;-1;6,189365079;-7,478755953;3,989784201;9,799890545;9,60959483;#NUM!;#NUM!;9,235702584;6,251894679;8,439235872;1,55878187;8,244859396;8,464467292;#NUM!;1,925859528;2,232698966;6,149839551;4,361734362;3,983974891;9,858453824;9,672460467;#NUM!;#NUM!;9,272271955;6,345415089;8,464459988;1,546402512;8,371866796;8,474953526;#NUM!;1,814819908;2,140066163;6,119097799;4,351332445;3,977969909;9,839447374;9,658361069;#NUM!;#NUM!;9,218795179;6,201351816;8,477767712;1,221138697;8,372051806;8,487063826;#NUM!;1,667472437;2,068127782;6,112680133;4,354407581;3,960990211;9,857315675;9,674553195;#NUM!;#NUM!;9,306097591;6,468226666;8,546496843;0,698204853;8,340646925;8,608842132;#NUM!;1,67560122;1,871802177;6,052889595;4,334490324;0,049433479;0,040298559;0,035920643;#NUM!;#NUM!;0,036404904;0,022218408;0,024929344;2,722394393;-0,074882357;-0,053305731;#NUM!;0,024278148;0,334080105;0,120313461;0,02069396;0,05245763;0,068305772;0,066774463;#NUM!;#NUM!;0,085324493;0,248041453;0,069699143;#NUM!;-0,066153309;0,061433386;#NUM!;-0,072544166;0,198929293;0,084000372;-0,019031227;0,054481997;0,075941892;0,075342082;#NUM!;#NUM!;0,093857744;0,285796501;0,074677598;#NUM!;-0,136302437;0,118974074;#NUM!;-0,096513353;0,072974057;0,07672266;-0,033635891;0,061050177;0,087805438;0,087578939;#NUM!;#NUM!;0,097929487;0,266687344;0,090576092;#NUM!;0,075176817;0,115347547;#NUM!;-0,009321358;-0,143100844;0,014658472;-0,093522831
dic.1998;54,83;18.850;15.587;0,00;0,00;10.801;505;5.064;3;3.867;3.975;-109;7,3;10,30;466;78,2;0,00;0,00;4,42;6,30;-2,01;54,04322562;18031,77115;14907,12894;0;0;10256,86569;518,9952229;4625,019526;4,753027909;3808;4743,2;-935,2;6,861043389;9,325;468,6421875;78,39297837;53,73018195;19119,30475;15874,35935;0;0;10638,89555;569,8738893;4743,165353;4,694551177;4323,7;4793,2;-469,5;6,13997032;8,5;454,4545;77,5817675;53,40849998;18759,34625;15652,1109;0;0;10084,9065;493,4155977;4806,707955;3,391046913;4324,5;4851,6;-527,1;5,29875791;7,91;451,5473016;77,82070922;52,50929551;19097,55652;15907,61485;0;0;11004,91853;644,3400831;5148,686144;2,010140967;4190,8;5479,9;-1289,1;5,342005904;6,5;425,3403175;76,28606783;2,321440274;-247,3718343;-320,442148;0;0;-203,8545417;-139,4201551;-84,40555484;1,419530225;-324,2;-1504,8;1180,6;1,967330174;3,798809524;40,97839222;1,957500393;2,606587524;712,207547;525,9705056;0;0;366,6851409;11,40408834;113,8734112;4,440672162;-296,1;-259,7;-36,4;0,164567646;2,648333333;53,12412298;1,60559087;2,745906495;1262,355023;1025,386046;0;0;870,1097163;125,1855673;319,3365494;5,545585312;-295,7;285,6;-581,3;-0,461973173;1,533333333;36,61498387;-1,49061537;2,831955982;1371,869802;1135,933537;0;0;903,483931;122,6554634;345,8780094;4,713334105;-631,5;544,2;-1175,7;-0,536892865;0,556666667;33,34826933;-2,662088817;4,004250909;9,844277991;9,654203592;#NUM!;#NUM!;9,287399926;6,224399858;8,529967371;1,232464394;8,260130847;8,287805184;#NUM!;1,989152446;2,332028308;6,144869327;4,359826631;3,989784201;9,799890545;9,60959483;#NUM!;#NUM!;9,235702584;6,251894679;8,439235872;1,55878187;8,244859396;8,464467292;#NUM!;1,925859528;2,232698966;6,149839551;4,361734362;3,983974891;9,858453824;9,672460467;#NUM!;#NUM!;9,272271955;6,345415089;8,464459988;1,546402512;8,371866796;8,474953526;#NUM!;1,814819908;2,140066163;6,119097799;4,351332445;3,977969909;9,839447374;9,658361069;#NUM!;#NUM!;9,218795179;6,201351816;8,477767712;1,221138697;8,372051806;8,487063826;#NUM!;1,667472437;2,068127782;6,112680133;4,354407581;0,043260697;-0,013037684;-0,020349603;#NUM!;#NUM!;-0,018697665;-0,243826808;-0,016529473;0,534259542;-0,080516079;-0,321036948;#NUM!;0,313551226;0,460226131;0,091979731;0,025336306;0,049433479;0,040298559;0,035920643;#NUM!;#NUM!;0,036404904;0,022218408;0,024929344;2,722394393;-0,074882357;-0,053305731;#NUM!;0,024278148;0,334080105;0,120313461;0,02069396;0,05245763;0,068305772;0,066774463;#NUM!;#NUM!;0,085324493;0,248041453;0,069699143;#NUM!;-0,066153309;0,061433386;#NUM!;-0,072544166;0,198929293;0,084000372;-0,019031227;0,054481997;0,075941892;0,075342082;#NUM!;#NUM!;0,093857744;0,285796501;0,074677598;#NUM!;-0,136302437;0,118974074;#NUM!;-0,096513353;0,072974057;0,07672266;-0,033635891
mar.1999;55,45;18.275;15.112;0,00;0,00;9.779;350;4.660;2;4.351;3.543;808;8,4;7,40;487;79,0;0,00;0,00;3,82;5,60;-3,45;54,83073578;18850,18469;15587,1727;0;0;10801,06399;504,9199279;5064,280589;3,429671192;3866,6;3975,1;-108,5;7,309336079;10,29880952;466,3187097;78,24356822;54,04322562;18031,77115;14907,12894;0;0;10256,86569;518,9952229;4625,019526;4,753027909;3808;4743,2;-935,2;6,861043389;9,325;468,6421875;78,39297837;53,73018195;19119,30475;15874,35935;0;0;10638,89555;569,8738893;4743,165353;4,694551177;4323,7;4793,2;-469,5;6,13997032;8,5;454,4545;77,5817675;53,40849998;18759,34625;15652,1109;0;0;10084,9065;493,4155977;4806,707955;3,391046913;4324,5;4851,6;-527,1;5,29875791;7,91;451,5473016;77,82070922;2,03821866;-483,8917202;-539,7792184;0;0;-306,2258248;-143,5504289;-147,1137785;-1,48928546;26,2;-1309,1;1335,3;3,08088279;-0,514583333;35,90888889;1,182475167;2,321440274;-247,3718343;-320,442148;0;0;-203,8545417;-139,4201551;-84,40555484;1,419530225;-324,2;-1504,8;1180,6;1,967330174;3,798809524;40,97839222;1,957500393;2,606587524;712,207547;525,9705056;0;0;366,6851409;11,40408834;113,8734112;4,440672162;-296,1;-259,7;-36,4;0,164567646;2,648333333;53,12412298;1,60559087;2,745906495;1262,355023;1025,386046;0;0;870,1097163;125,1855673;319,3365494;5,545585312;-295,7;285,6;-581,3;-0,461973173;1,533333333;36,61498387;-1,49061537;4,015422535;9,813314156;9,623266357;#NUM!;#NUM!;9,187959854;5,857547848;8,446683637;0,642780537;8,378092031;8,172587972;6,694809553;2,125805038;2,000860439;6,189200421;4,36948816;4,004250909;9,844277991;9,654203592;#NUM!;#NUM!;9,287399926;6,224399858;8,529967371;1,232464394;8,260130847;8,287805184;#NUM!;1,989152446;2,332028308;6,144869327;4,359826631;3,989784201;9,799890545;9,60959483;#NUM!;#NUM!;9,235702584;6,251894679;8,439235872;1,55878187;8,244859396;8,464467292;#NUM!;1,925859528;2,232698966;6,149839551;4,361734362;3,983974891;9,858453824;9,672460467;#NUM!;#NUM!;9,272271955;6,345415089;8,464459988;1,546402512;8,371866796;8,474953526;#NUM!;1,814819908;2,140066163;6,119097799;4,351332445;0,037452626;-0,026133218;-0,035094712;#NUM!;#NUM!;-0,030835326;-0,343803968;-0,031084075;-0,578358161;0,006040225;-0,314475855;#NUM!;0,458332601;-0,067267343;0,076520288;0,015080579;0,043260697;-0,013037684;-0,020349603;#NUM!;#NUM!;-0,018697665;-0,243826808;-0,016529473;0,534259542;-0,080516079;-0,321036948;#NUM!;0,313551226;0,460226131;0,091979731;0,025336306;0,049433479;0,040298559;0,035920643;#NUM!;#NUM!;0,036404904;0,022218408;0,024929344;2,722394393;-0,074882357;-0,053305731;#NUM!;0,024278148;0,334080105;0,120313461;0,02069396;0,05245763;0,068305772;0,066774463;#NUM!;#NUM!;0,085324493;0,248041453;0,069699143;#NUM!;-0,066153309;0,061433386;#NUM!;-0,072544166;0,198929293;0,084000372;-0,019031227
jun.1999;55,84;18.463;15.240;0,00;0,00;10.119;367;4.511;0;4.262;3.567;695;11,1;6,07;490;78,8;0,00;0,00;3,92;5,39;-4,00;55,44671864;18275,45452;15112,33168;0;0;9778,680678;349,8651688;4659,594176;1,901761452;4350,7;3542,5;808,2;8,379640701;7,395416667;487,4561905;79,00318438;54,83073578;18850,18469;15587,1727;0;0;10801,06399;504,9199279;5064,280589;3,429671192;3866,6;3975,1;-108,5;7,309336079;10,29880952;466,3187097;78,24356822;54,04322562;18031,77115;14907,12894;0;0;10256,86569;518,9952229;4625,019526;4,753027909;3808;4743,2;-935,2;6,861043389;9,325;468,6421875;78,39297837;53,73018195;19119,30475;15874,35935;0;0;10638,89555;569,8738893;4743,165353;4,694551177;4323,7;4793,2;-469,5;6,13997032;8,5;454,4545;77,5817675;2,105770958;-656,0917051;-634,22013;0;0;-519,7513442;-203,2410672;-232,4228861;-4,798988425;-62,1;-1226,1;1164;4,993337385;-2,430357143;35,26631967;1,177947543;2,03821866;-483,8917202;-539,7792184;0;0;-306,2258248;-143,5504289;-147,1137785;-1,48928546;26,2;-1309,1;1335,3;3,08088279;-0,514583333;35,90888889;1,182475167;2,321440274;-247,3718343;-320,442148;0;0;-203,8545417;-139,4201551;-84,40555484;1,419530225;-324,2;-1504,8;1180,6;1,967330174;3,798809524;40,97839222;1,957500393;2,606587524;712,207547;525,9705056;0;0;366,6851409;11,40408834;113,8734112;4,440672162;-296,1;-259,7;-36,4;0,164567646;2,648333333;53,12412298;1,60559087;4,022417979;9,823535548;9,631687965;#NUM!;#NUM!;9,222184374;5,904360862;8,414217046;#NUM!;8,357399956;8,17950822;6,543192162;2,409941309;1,803299766;6,193835473;4,366401636;4,015422535;9,813314156;9,623266357;#NUM!;#NUM!;9,187959854;5,857547848;8,446683637;0,642780537;8,378092031;8,172587972;6,694809553;2,125805038;2,000860439;6,189200421;4,36948816;4,004250909;9,844277991;9,654203592;#NUM!;#NUM!;9,287399926;6,224399858;8,529967371;1,232464394;8,260130847;8,287805184;#NUM!;1,989152446;2,332028308;6,144869327;4,359826631;3,989784201;9,799890545;9,60959483;#NUM!;#NUM!;9,235702584;6,251894679;8,439235872;1,55878187;8,244859396;8,464467292;#NUM!;1,925859528;2,232698966;6,149839551;4,361734362;0,038443088;-0,034918276;-0,040772503;#NUM!;#NUM!;-0,050087581;-0,441054227;-0,050242942;#NUM!;-0,014466841;-0,295445306;#NUM!;0,595121401;-0,336766398;0,074737674;0,015069191;0,037452626;-0,026133218;-0,035094712;#NUM!;#NUM!;-0,030835326;-0,343803968;-0,031084075;-0,578358161;0,006040225;-0,314475855;#NUM!;0,458332601;-0,067267343;0,076520288;0,015080579;0,043260697;-0,013037684;-0,020349603;#NUM!;#NUM!;-0,018697665;-0,243826808;-0,016529473;0,534259542;-0,080516079;-0,321036948;#NUM!;0,313551226;0,460226131;0,091979731;0,025336306;0,049433479;0,040298559;0,035920643;#NUM!;#NUM!;0,036404904;0,022218408;0,024929344;2,722394393;-0,074882357;-0,053305731;#NUM!;0,024278148;0,334080105;0,120313461;0,02069396
sept.1999;55,77;17.871;14.717;0,00;0,00;10.171;381;4.607;-1;4.063;3.823;240;11,8;5,00;518;83,6;0,00;0,00;3,19;5,07;-1,28;55,83595291;18463,21305;15240,13922;0;0;10119,1442;366,6328221;4510,742467;-0,104437248;4261,6;3567,1;694,5;11,13330771;6,069642857;489,7208197;78,75971504;55,44671864;18275,45452;15112,33168;0;0;9778,680678;349,8651688;4659,594176;1,901761452;4350,7;3542,5;808,2;8,379640701;7,395416667;487,4561905;79,00318438;54,83073578;18850,18469;15587,1727;0;0;10801,06399;504,9199279;5064,280589;3,429671192;3866,6;3975,1;-108,5;7,309336079;10,29880952;466,3187097;78,24356822;54,04322562;18031,77115;14907,12894;0;0;10256,86569;518,9952229;4625,019526;4,753027909;3808;4743,2;-935,2;6,861043389;9,325;468,6421875;78,39297837;1,723344025;-160,639062;-190,6072179;0;0;-85,63432905;-138,2623646;-18,36556732;-5,771247916;254,8;-920,3;1175,1;4,917569392;-4,325;49,36519712;5,25003767;2,105770958;-656,0917051;-634,22013;0;0;-519,7513442;-203,2410672;-232,4228861;-4,798988425;-62,1;-1226,1;1164;4,993337385;-2,430357143;35,26631967;1,177947543;2,03821866;-483,8917202;-539,7792184;0;0;-306,2258248;-143,5504289;-147,1137785;-1,48928546;26,2;-1309,1;1335,3;3,08088279;-0,514583333;35,90888889;1,182475167;2,321440274;-247,3718343;-320,442148;0;0;-203,8545417;-139,4201551;-84,40555484;1,419530225;-324,2;-1504,8;1180,6;1,967330174;3,798809524;40,97839222;1,957500393;4,021174579;9,790941957;9,596726069;#NUM!;#NUM!;9,22731856;5,94209797;8,43525705;#NUM!;8,30962767;8,248764576;5,48022217;2,466285411;1,609437912;6,249989498;4,426557934;4,022417979;9,823535548;9,631687965;#NUM!;#NUM!;9,222184374;5,904360862;8,414217046;#NUM!;8,357399956;8,17950822;6,543192162;2,409941309;1,803299766;6,193835473;4,366401636;4,015422535;9,813314156;9,623266357;#NUM!;#NUM!;9,187959854;5,857547848;8,446683637;0,642780537;8,378092031;8,172587972;6,694809553;2,125805038;2,000860439;6,189200421;4,36948816;4,004250909;9,844277991;9,654203592;#NUM!;#NUM!;9,287399926;6,224399858;8,529967371;1,232464394;8,260130847;8,287805184;#NUM!;1,989152446;2,332028308;6,144869327;4,359826631;0,031390379;-0,008948587;-0,012868762;#NUM!;#NUM!;-0,008384024;-0,309796709;-0,003978822;#NUM!;0,064768274;-0,215702717;#NUM!;0,540425883;-0,623261053;0,100149947;0,064823572;0,038443088;-0,034918276;-0,040772503;#NUM!;#NUM!;-0,050087581;-0,441054227;-0,050242942;#NUM!;-0,014466841;-0,295445306;#NUM!;0,595121401;-0,336766398;0,074737674;0,015069191;0,037452626;-0,026133218;-0,035094712;#NUM!;#NUM!;-0,030835326;-0,343803968;-0,031084075;-0,578358161;0,006040225;-0,314475855;#NUM!;0,458332601;-0,067267343;0,076520288;0,015080579;0,043260697;-0,013037684;-0,020349603;#NUM!;#NUM!;-0,018697665;-0,243826808;-0,016529473;0,534259542;-0,080516079;-0,321036948;#NUM!;0,313551226;0,460226131;0,091979731;0,025336306
dic.1999;56,17;19.843;16.397;0,00;0,00;11.297;479;5.281;-1;4.487;3.803;685;9,3;5,00;540;87,8;0,00;0,00;2,45;4,42;5,20;55,76656964;17871,13208;14716,52172;0;0;10171,23136;380,7328584;4606,653959;-1,018220006;4062,8;3822,9;239,9;11,77861278;5;518,0073846;83,64301604;55,83595291;18463,21305;15240,13922;0;0;10119,1442;366,6328221;4510,742467;-0,104437248;4261,6;3567,1;694,5;11,13330771;6,069642857;489,7208197;78,75971504;55,44671864;18275,45452;15112,33168;0;0;9778,680678;349,8651688;4659,594176;1,901761452;4350,7;3542,5;808,2;8,379640701;7,395416667;487,4561905;79,00318438;54,83073578;18850,18469;15587,1727;0;0;10801,06399;504,9199279;5064,280589;3,429671192;3866,6;3975,1;-108,5;7,309336079;10,29880952;466,3187097;78,24356822;1,344252522;992,5368921;809,8758357;0;0;496,1529022;-25,61239096;216,8918129;-3,944419455;620,7;-172,5;793,2;1,973395296;-5,298809524;73,6816129;9,509534387;1,723344025;-160,639062;-190,6072179;0;0;-85,63432905;-138,2623646;-18,36556732;-5,771247916;254,8;-920,3;1175,1;4,917569392;-4,325;49,36519712;5,25003767;2,105770958;-656,0917051;-634,22013;0;0;-519,7513442;-203,2410672;-232,4228861;-4,798988425;-62,1;-1226,1;1164;4,993337385;-2,430357143;35,26631967;1,177947543;2,03821866;-483,8917202;-539,7792184;0;0;-306,2258248;-143,5504289;-147,1137785;-1,48928546;26,2;-1309,1;1335,3;3,08088279;-0,514583333;35,90888889;1,182475167;4,02847161;9,895592548;9,70485663;#NUM!;#NUM!;9,332311682;6,172342431;8,571903398;#NUM!;8,409006464;8,243440322;6,528980786;2,228155833;1,609437912;6,291569737;4,474527219;4,021174579;9,790941957;9,596726069;#NUM!;#NUM!;9,22731856;5,94209797;8,43525705;#NUM!;8,30962767;8,248764576;5,48022217;2,466285411;1,609437912;6,249989498;4,426557934;4,022417979;9,823535548;9,631687965;#NUM!;#NUM!;9,222184374;5,904360862;8,414217046;#NUM!;8,357399956;8,17950822;6,543192162;2,409941309;1,803299766;6,193835473;4,366401636;4,015422535;9,813314156;9,623266357;#NUM!;#NUM!;9,187959854;5,857547848;8,446683637;0,642780537;8,378092031;8,172587972;6,694809553;2,125805038;2,000860439;6,189200421;4,36948816;0,024220701;0,051314557;0,050653038;#NUM!;#NUM!;0,044911756;-0,052057427;0,041936027;#NUM!;0,148875617;-0,044364862;#NUM!;0,239003387;-0,722590396;0,14670041;0,114700588;0,031390379;-0,008948587;-0,012868762;#NUM!;#NUM!;-0,008384024;-0,309796709;-0,003978822;#NUM!;0,064768274;-0,215702717;#NUM!;0,540425883;-0,623261053;0,100149947;0,064823572;0,038443088;-0,034918276;-0,040772503;#NUM!;#NUM!;-0,050087581;-0,441054227;-0,050242942;#NUM!;-0,014466841;-0,295445306;#NUM!;0,595121401;-0,336766398;0,074737674;0,015069191;0,037452626;-0,026133218;-0,035094712;#NUM!;#NUM!;-0,030835326;-0,343803968;-0,031084075;-0,578358161;0,006040225;-0,314475855;#NUM!;0,458332601;-0,067267343;0,076520288;0,015080579
mar.2000;57,22;19.416;16.088;0,00;0,00;10.266;377;4.865;0;5.112;4.074;1.038;8,6;5,21;512;83,0;0,00;0,00;3,19;3,82;6,46;56,1749883;19842,72158;16397,04854;0;0;11297,21689;479,307537;5281,172402;-0,514748263;4487,3;3802,6;684,7;9,282731375;5;540,0003226;87,75310261;55,76656964;17871,13208;14716,52172;0;0;10171,23136;380,7328584;4606,653959;-1,018220006;4062,8;3822,9;239,9;11,77861278;5;518,0073846;83,64301604;55,83595291;18463,21305;15240,13922;0;0;10119,1442;366,6328221;4510,742467;-0,104437248;4261,6;3567,1;694,5;11,13330771;6,069642857;489,7208197;78,75971504;55,44671864;18275,45452;15112,33168;0;0;9778,680678;349,8651688;4659,594176;1,901761452;4350,7;3542,5;808,2;8,379640701;7,395416667;487,4561905;79,00318438;1,770995309;1140,831782;975,7947702;0;0;487,1755196;27,05667267;205,4099102;-1,942486407;761;531,6;229,4;0,211326222;-2,18095842;24,85180952;4,042445203;1,344252522;992,5368921;809,8758357;0;0;496,1529022;-25,61239096;216,8918129;-3,944419455;620,7;-172,5;793,2;1,973395296;-5,298809524;73,6816129;9,509534387;1,723344025;-160,639062;-190,6072179;0;0;-85,63432905;-138,2623646;-18,36556732;-5,771247916;254,8;-920,3;1175,1;4,917569392;-4,325;49,36519712;5,25003767;2,105770958;-656,0917051;-634,22013;0;0;-519,7513442;-203,2410672;-232,4228861;-4,798988425;-62,1;-1226,1;1164;4,993337385;-2,430357143;35,26631967;1,177947543;4,046863535;9,873867493;9,685836791;#NUM!;#NUM!;9,236578735;5,932037849;8,489822835;#NUM!;8,539287309;8,312405142;6,944665633;2,150711293;1,651435199;6,238926007;4,419390211;4,02847161;9,895592548;9,70485663;#NUM!;#NUM!;9,332311682;6,172342431;8,571903398;#NUM!;8,409006464;8,243440322;6,528980786;2,228155833;1,609437912;6,291569737;4,474527219;4,021174579;9,790941957;9,596726069;#NUM!;#NUM!;9,22731856;5,94209797;8,43525705;#NUM!;8,30962767;8,248764576;5,48022217;2,466285411;1,609437912;6,249989498;4,426557934;4,022417979;9,823535548;9,631687965;#NUM!;#NUM!;9,222184374;5,904360862;8,414217046;#NUM!;8,357399956;8,17950822;6,543192162;2,409941309;1,803299766;6,193835473;4,366401636;0,031441;0,060553338;0,062570434;#NUM!;#NUM!;0,048618881;0,074490001;0,043139198;#NUM!;0,161195278;0,139817171;0,24985608;0,024906256;-0,349425239;0,049725586;0,04990205;0,024220701;0,051314557;0,050653038;#NUM!;#NUM!;0,044911756;-0,052057427;0,041936027;#NUM!;0,148875617;-0,044364862;#NUM!;0,239003387;-0,722590396;0,14670041;0,114700588;0,031390379;-0,008948587;-0,012868762;#NUM!;#NUM!;-0,008384024;-0,309796709;-0,003978822;#NUM!;0,064768274;-0,215702717;#NUM!;0,540425883;-0,623261053;0,100149947;0,064823572;0,038443088;-0,034918276;-0,040772503;#NUM!;#NUM!;-0,050087581;-0,441054227;-0,050242942;#NUM!;-0,014466841;-0,295445306;#NUM!;0,595121401;-0,336766398;0,074737674;0,015069191
jun.2000;57,86;19.607;16.218;0,00;0,00;10.697;436;4.751;1;4.652;4.348;304;9,9;5,50;520;83,0;0,00;0,00;3,63;3,92;6,41;57,21771395;19416,28631;16088,12645;0;0;10265,8562;376,9218415;4865,004086;-0,040724955;5111,7;4074,1;1037,6;8,590966923;5,214458247;512,308;83,04562959;56,1749883;19842,72158;16397,04854;0;0;11297,21689;479,307537;5281,172402;-0,514748263;4487,3;3802,6;684,7;9,282731375;5;540,0003226;87,75310261;55,76656964;17871,13208;14716,52172;0;0;10171,23136;380,7328584;4606,653959;-1,018220006;4062,8;3822,9;239,9;11,77861278;5;518,0073846;83,64301604;55,83595291;18463,21305;15240,13922;0;0;10119,1442;366,6328221;4510,742467;-0,104437248;4261,6;3567,1;694,5;11,13330771;6,069642857;489,7208197;78,75971504;2,025721294;1143,332917;977,3993213;0;0;577,7089782;69,57983658;240,1431371;0,738891282;390,7;780,8;-390,1;-1,283037589;-0,569642857;30,36491803;4,204031883;1,770995309;1140,831782;975,7947702;0;0;487,1755196;27,05667267;205,4099102;-1,942486407;761;531,6;229,4;0,211326222;-2,18095842;24,85180952;4,042445203;1,344252522;992,5368921;809,8758357;0;0;496,1529022;-25,61239096;216,8918129;-3,944419455;620,7;-172,5;793,2;1,973395296;-5,298809524;73,6816129;9,509534387;1,723344025;-160,639062;-190,6072179;0;0;-85,63432905;-138,2623646;-18,36556732;-5,771247916;254,8;-920,3;1175,1;4,917569392;-4,325;49,36519712;5,25003767;4,058055235;9,883618767;9,693848562;#NUM!;#NUM!;9,277704882;6,078129874;8,466086323;-0,45499044;8,445117;8,377448249;5,718342626;2,287498878;1,704748092;6,253993678;4,418403728;4,046863535;9,873867493;9,685836791;#NUM!;#NUM!;9,236578735;5,932037849;8,489822835;#NUM!;8,539287309;8,312405142;6,944665633;2,150711293;1,651435199;6,238926007;4,419390211;4,02847161;9,895592548;9,70485663;#NUM!;#NUM!;9,332311682;6,172342431;8,571903398;#NUM!;8,409006464;8,243440322;6,528980786;2,228155833;1,609437912;6,291569737;4,474527219;4,021174579;9,790941957;9,596726069;#NUM!;#NUM!;9,22731856;5,94209797;8,43525705;#NUM!;8,30962767;8,248764576;5,48022217;2,466285411;1,609437912;6,249989498;4,426557934;0,035637255;0,06008322;0,062160597;#NUM!;#NUM!;0,055520508;0,173769011;0,051869277;#NUM!;0,087717044;0,197940029;-0,824849536;-0,122442432;-0,098551674;0,060158205;0,052002093;0,031441;0,060553338;0,062570434;#NUM!;#NUM!;0,048618881;0,074490001;0,043139198;#NUM!;0,161195278;0,139817171;0,24985608;0,024906256;-0,349425239;0,049725586;0,04990205;0,024220701;0,051314557;0,050653038;#NUM!;#NUM!;0,044911756;-0,052057427;0,041936027;#NUM!;0,148875617;-0,044364862;#NUM!;0,239003387;-0,722590396;0,14670041;0,114700588;0,031390379;-0,008948587;-0,012868762;#NUM!;#NUM!;-0,008384024;-0,309796709;-0,003978822;#NUM!;0,064768274;-0,215702717;#NUM!;0,540425883;-0,623261053;0,100149947;0,064823572
sept.2000;57,98;18.838;15.513;0,00;0,00;10.601;442;4.774;1;4.729;4.448;282;11,3;5,31;553;88,4;0,00;0,00;3,96;3,19;5,41;57,8616742;19606,54596;16217,53854;0;0;10696,85318;436,2126587;4750,885604;0,634454033;4652,3;4347,9;304,4;9,850270116;5,5;520,0857377;82,96374693;57,21771395;19416,28631;16088,12645;0;0;10265,8562;376,9218415;4865,004086;-0,040724955;5111,7;4074,1;1037,6;8,590966923;5,214458247;512,308;83,04562959;56,1749883;19842,72158;16397,04854;0;0;11297,21689;479,307537;5281,172402;-0,514748263;4487,3;3802,6;684,7;9,282731375;5;540,0003226;87,75310261;55,76656964;17871,13208;14716,52172;0;0;10171,23136;380,7328584;4606,653959;-1,018220006;4062,8;3822,9;239,9;11,77861278;5;518,0073846;83,64301604;2,209504308;966,4791867;796,5769062;0;0;429,6445136;61,53161783;167,5321656;1,956797496;666,4;624,6;41,8;-0,433482773;0,310606061;34,54409079;4,734856817;2,025721294;1143,332917;977,3993213;0;0;577,7089782;69,57983658;240,1431371;0,738891282;390,7;780,8;-390,1;-1,283037589;-0,569642857;30,36491803;4,204031883;1,770995309;1140,831782;975,7947702;0;0;487,1755196;27,05667267;205,4099102;-1,942486407;761;531,6;229,4;0,211326222;-2,18095842;24,85180952;4,042445203;1,344252522;992,5368921;809,8758357;0;0;496,1529022;-25,61239096;216,8918129;-3,944419455;620,7;-172,5;793,2;1,973395296;-5,298809524;73,6816129;9,509534387;4,060030407;9,84361075;9,649440019;#NUM!;#NUM!;9,268691907;6,091908066;8,470978793;-0,063389859;8,461511334;8,40009742;5,640842675;2,428788578;1,669705964;6,314546597;4,481621631;4,058055235;9,883618767;9,693848562;#NUM!;#NUM!;9,277704882;6,078129874;8,466086323;-0,45499044;8,445117;8,377448249;5,718342626;2,287498878;1,704748092;6,253993678;4,418403728;4,046863535;9,873867493;9,685836791;#NUM!;#NUM!;9,236578735;5,932037849;8,489822835;#NUM!;8,539287309;8,312405142;6,944665633;2,150711293;1,651435199;6,238926007;4,419390211;4,02847161;9,895592548;9,70485663;#NUM!;#NUM!;9,332311682;6,172342431;8,571903398;#NUM!;8,409006464;8,243440322;6,528980786;2,228155833;1,609437912;6,291569737;4,474527219;0,038855828;0,052668793;0,052713951;#NUM!;#NUM!;0,041373347;0,149810095;0,035721743;#NUM!;0,151883664;0,151332844;0,160620505;-0,037496833;0,060268052;0,064557099;0,055063698;0,035637255;0,06008322;0,062160597;#NUM!;#NUM!;0,055520508;0,173769011;0,051869277;#NUM!;0,087717044;0,197940029;-0,824849536;-0,122442432;-0,098551674;0,060158205;0,052002093;0,031441;0,060553338;0,062570434;#NUM!;#NUM!;0,048618881;0,074490001;0,043139198;#NUM!;0,161195278;0,139817171;0,24985608;0,024906256;-0,349425239;0,049725586;0,04990205;0,024220701;0,051314557;0,050653038;#NUM!;#NUM!;0,044911756;-0,052057427;0,041936027;#NUM!;0,148875617;-0,044364862;#NUM!;0,239003387;-0,722590396;0,14670041;0,114700588
dic.2000;58,74;20.558;16.961;0,00;0,00;11.514;520;5.350;1;4.717;4.222;495;8,9;5,00;572;89,7;0,00;0,00;4,57;2,45;3,44;57,97607395;18837,61127;15513,09863;0;0;10600,87588;442,2644762;4774,186124;0,938577489;4729,2;4447,5;281,7;11,34513001;5,310606061;552,5514754;88,37787286;57,8616742;19606,54596;16217,53854;0;0;10696,85318;436,2126587;4750,885604;0,634454033;4652,3;4347,9;304,4;9,850270116;5,5;520,0857377;82,96374693;57,21771395;19416,28631;16088,12645;0;0;10265,8562;376,9218415;4865,004086;-0,040724955;5111,7;4074,1;1037,6;8,590966923;5,214458247;512,308;83,04562959;56,1749883;19842,72158;16397,04854;0;0;11297,21689;479,307537;5281,172402;-0,514748263;4487,3;3802,6;684,7;9,282731375;5;540,0003226;87,75310261;2,568395796;715,3960721;563,725624;0;0;216,7333077;41,12064593;68,49205346;1,236116315;229,8;419,3;-189,5;-0,390618514;0;32,28082496;1,93501383;2,209504308;966,4791867;796,5769062;0;0;429,6445136;61,53161783;167,5321656;1,956797496;666,4;624,6;41,8;-0,433482773;0,310606061;34,54409079;4,734856817;2,025721294;1143,332917;977,3993213;0;0;577,7089782;69,57983658;240,1431371;0,738891282;390,7;780,8;-390,1;-1,283037589;-0,569642857;30,36491803;4,204031883;1,770995309;1140,831782;975,7947702;0;0;487,1755196;27,05667267;205,4099102;-1,942486407;761;531,6;229,4;0,211326222;-2,18095842;24,85180952;4,042445203;4,073178536;9,931011161;9,738658555;#NUM!;#NUM!;9,35131464;6,254651901;8,584789119;-0,326605797;8,458949483;8,348040543;6,204961721;2,185164688;1,609437912;6,349630387;4,496338279;4,060030407;9,84361075;9,649440019;#NUM!;#NUM!;9,268691907;6,091908066;8,470978793;-0,063389859;8,461511334;8,40009742;5,640842675;2,428788578;1,669705964;6,314546597;4,481621631;4,058055235;9,883618767;9,693848562;#NUM!;#NUM!;9,277704882;6,078129874;8,466086323;-0,45499044;8,445117;8,377448249;5,718342626;2,287498878;1,704748092;6,253993678;4,418403728;4,046863535;9,873867493;9,685836791;#NUM!;#NUM!;9,236578735;5,932037849;8,489822835;#NUM!;8,539287309;8,312405142;6,944665633;2,150711293;1,651435199;6,238926007;4,419390211;0,044706926;0,035418614;0,033801924;#NUM!;#NUM!;0,019002958;0,08230947;0,012885721;#NUM!;0,049943019;0,10460022;-0,324019065;-0,042991144;0;0,05806065;0,02181106;0,038855828;0,052668793;0,052713951;#NUM!;#NUM!;0,041373347;0,149810095;0,035721743;#NUM!;0,151883664;0,151332844;0,160620505;-0,037496833;0,060268052;0,064557099;0,055063698;0,035637255;0,06008322;0,062160597;#NUM!;#NUM!;0,055520508;0,173769011;0,051869277;#NUM!;0,087717044;0,197940029;-0,824849536;-0,122442432;-0,098551674;0,060158205;0,052002093;0,031441;0,060553338;0,062570434;#NUM!;#NUM!;0,048618881;0,074490001;0,043139198;#NUM!;0,161195278;0,139817171;0,24985608;0,024906256;-0,349425239;0,049725586;0,04990205
mar.2001;59,51;20.124;16.690;0,00;0,00;10.501;385;4.941;1;5.041;4.387;654;9,5;4,54;574;89,8;0,00;0,00;4,01;3,19;3,74;58,7433841;20558,11765;16960,77416;0;0;11513,9502;520,4281829;5349,664456;0,721368052;4717,1;4221,9;495,2;8,89211286;5;572,2811475;89,68811644;57,97607395;18837,61127;15513,09863;0;0;10600,87588;442,2644762;4774,186124;0,938577489;4729,2;4447,5;281,7;11,34513001;5,310606061;552,5514754;88,37787286;57,8616742;19606,54596;16217,53854;0;0;10696,85318;436,2126587;4750,885604;0,634454033;4652,3;4347,9;304,4;9,850270116;5,5;520,0857377;82,96374693;57,21771395;19416,28631;16088,12645;0;0;10265,8562;376,9218415;4865,004086;-0,040724955;5111,7;4074,1;1037,6;8,590966923;5,214458247;512,308;83,04562959;2,293444148;707,7470483;601,7270294;0;0;235,1382614;8,013913553;76,07504408;0,564880684;-70,5;312,7;-383,2;0,908827183;-0,673549156;62,04246875;6,761999707;2,568395796;715,3960721;563,725624;0;0;216,7333077;41,12064593;68,49205346;1,236116315;229,8;419,3;-189,5;-0,390618514;0;32,28082496;1,93501383;2,209504308;966,4791867;796,5769062;0;0;429,6445136;61,53161783;167,5321656;1,956797496;666,4;624,6;41,8;-0,433482773;0,310606061;34,54409079;4,734856817;2,025721294;1143,332917;977,3993213;0;0;577,7089782;69,57983658;240,1431371;0,738891282;390,7;780,8;-390,1;-1,283037589;-0,569642857;30,36491803;4,204031883;4,086163826;9,909670069;9,722556238;#NUM!;#NUM!;9,259225242;5,95307645;8,505339034;-0,645966446;8,525399428;8,386355311;6,483718785;2,251270125;1,513127232;6,353239783;4,49766993;4,073178536;9,931011161;9,738658555;#NUM!;#NUM!;9,35131464;6,254651901;8,584789119;-0,326605797;8,458949483;8,348040543;6,204961721;2,185164688;1,609437912;6,349630387;4,496338279;4,060030407;9,84361075;9,649440019;#NUM!;#NUM!;9,268691907;6,091908066;8,470978793;-0,063389859;8,461511334;8,40009742;5,640842675;2,428788578;1,669705964;6,314546597;4,481621631;4,058055235;9,883618767;9,693848562;#NUM!;#NUM!;9,277704882;6,078129874;8,466086323;-0,45499044;8,445117;8,377448249;5,718342626;2,287498878;1,704748092;6,253993678;4,418403728;0,039300291;0,035802576;0,036719446;#NUM!;#NUM!;0,022646507;0,021038601;0,015516199;#NUM!;-0,013887881;0,073950168;-0,460946848;0,100558832;-0,138307967;0,114313776;0,07827972;0,044706926;0,035418614;0,033801924;#NUM!;#NUM!;0,019002958;0,08230947;0,012885721;#NUM!;0,049943019;0,10460022;-0,324019065;-0,042991144;0;0,05806065;0,02181106;0,038855828;0,052668793;0,052713951;#NUM!;#NUM!;0,041373347;0,149810095;0,035721743;#NUM!;0,151883664;0,151332844;0,160620505;-0,037496833;0,060268052;0,064557099;0,055063698;0,035637255;0,06008322;0,062160597;#NUM!;#NUM!;0,055520508;0,173769011;0,051869277;#NUM!;0,087717044;0,197940029;-0,824849536;-0,122442432;-0,098551674;0,060158205;0,052002093
jun.2001;59,95;20.457;16.911;0,00;0,00;11.035;448;4.861;1;4.856;4.168;688;10,4;3,73;606;92,0;0,00;0,00;3,60;3,63;4,28;59,5111581;20124,03336;16689,85348;0;0;10500,99446;384,935755;4941,07913;0,524155729;5041,2;4386,8;654,4;9,499794107;4,540909091;574,3504688;89,80762929;58,7433841;20558,11765;16960,77416;0;0;11513,9502;520,4281829;5349,664456;0,721368052;4717,1;4221,9;495,2;8,89211286;5;572,2811475;89,68811644;57,97607395;18837,61127;15513,09863;0;0;10600,87588;442,2644762;4774,186124;0,938577489;4729,2;4447,5;281,7;11,34513001;5,310606061;552,5514754;88,37787286;57,8616742;19606,54596;16217,53854;0;0;10696,85318;436,2126587;4750,885604;0,634454033;4652,3;4347,9;304,4;9,850270116;5,5;520,0857377;82,96374693;2,084799528;850,361615;693,405645;0;0;338,5870137;12,18753338;110,2473068;-0,099139971;203,7;-180,3;384;0,540803751;-1,773333333;86,2757377;9,01786062;2,293444148;707,7470483;601,7270294;0;0;235,1382614;8,013913553;76,07504408;0,564880684;-70,5;312,7;-383,2;0,908827183;-0,673549156;62,04246875;6,761999707;2,568395796;715,3960721;563,725624;0;0;216,7333077;41,12064593;68,49205346;1,236116315;229,8;419,3;-189,5;-0,390618514;0;32,28082496;1,93501383;2,209504308;966,4791867;796,5769062;0;0;429,6445136;61,53161783;167,5321656;1,956797496;666,4;624,6;41,8;-0,433482773;0,310606061;34,54409079;4,734856817;4,09345206;9,926075883;9,735716276;#NUM!;#NUM!;9,308867209;6,105686119;8,489026799;-0,624901671;8,487970333;8,33509561;6,534370064;2,340947156;1,315514179;6,407476302;4,521588639;4,086163826;9,909670069;9,722556238;#NUM!;#NUM!;9,259225242;5,95307645;8,505339034;-0,645966446;8,525399428;8,386355311;6,483718785;2,251270125;1,513127232;6,353239783;4,49766993;4,073178536;9,931011161;9,738658555;#NUM!;#NUM!;9,35131464;6,254651901;8,584789119;-0,326605797;8,458949483;8,348040543;6,204961721;2,185164688;1,609437912;6,349630387;4,496338279;4,060030407;9,84361075;9,649440019;#NUM!;#NUM!;9,268691907;6,091908066;8,470978793;-0,063389859;8,461511334;8,40009742;5,640842675;2,428788578;1,669705964;6,314546597;4,481621631;0,035396825;0,042457116;0,041867715;#NUM!;#NUM!;0,031162327;0,027556246;0,022940476;-0,169911231;0,042853333;-0,042352639;0,816027438;0,053448278;-0,389233913;0,153482624;0,103184911;0,039300291;0,035802576;0,036719446;#NUM!;#NUM!;0,022646507;0,021038601;0,015516199;#NUM!;-0,013887881;0,073950168;-0,460946848;0,100558832;-0,138307967;0,114313776;0,07827972;0,044706926;0,035418614;0,033801924;#NUM!;#NUM!;0,019002958;0,08230947;0,012885721;#NUM!;0,049943019;0,10460022;-0,324019065;-0,042991144;0;0,05806065;0,02181106;0,038855828;0,052668793;0,052713951;#NUM!;#NUM!;0,041373347;0,149810095;0,035721743;#NUM!;0,151883664;0,151332844;0,160620505;-0,037496833;0,060268052;0,064557099;0,055063698
sept.2001;60,09;19.393;15.951;0,00;0,00;10.748;436;4.825;0;4.078;4.197;-119;10,9;5,50;670;100,2;0,00;0,00;3,64;3,96;2,83;59,94647373;20456,90758;16910,94419;0;0;11035,44019;448,400192;4861,13291;0,535314063;4856;4167,6;688,4;10,39107387;3,726666667;606,3614754;91,98160755;59,5111581;20124,03336;16689,85348;0;0;10500,99446;384,935755;4941,07913;0,524155729;5041,2;4386,8;654,4;9,499794107;4,540909091;574,3504688;89,80762929;58,7433841;20558,11765;16960,77416;0;0;11513,9502;520,4281829;5349,664456;0,721368052;4717,1;4221,9;495,2;8,89211286;5;572,2811475;89,68811644;57,97607395;18837,61127;15513,09863;0;0;10600,87588;442,2644762;4774,186124;0,938577489;4729,2;4447,5;281,7;11,34513001;5,310606061;552,5514754;88,37787286;2,110513441;554,9391416;438,2794337;0;0;146,6450488;-6,127925749;51,01424234;-0,870886872;-651,5;-250,7;-400,8;-0,44598618;0,189393939;117,2510246;11,81300555;2,084799528;850,361615;693,405645;0;0;338,5870137;12,18753338;110,2473068;-0,099139971;203,7;-180,3;384;0,540803751;-1,773333333;86,2757377;9,01786062;2,293444148;707,7470483;601,7270294;0;0;235,1382614;8,013913553;76,07504408;0,564880684;-70,5;312,7;-383,2;0,908827183;-0,673549156;62,04246875;6,761999707;2,568395796;715,3960721;563,725624;0;0;216,7333077;41,12064593;68,49205346;1,236116315;229,8;419,3;-189,5;-0,390618514;0;32,28082496;1,93501383;4,095786645;9,872644272;9,677300504;#NUM!;#NUM!;9,282430395;6,077955383;8,48160754;-2,692807698;8,313288383;8,342077609;#NUM!;2,388684238;1,704748092;6,506982893;4,607077151;4,09345206;9,926075883;9,735716276;#NUM!;#NUM!;9,308867209;6,105686119;8,489026799;-0,624901671;8,487970333;8,33509561;6,534370064;2,340947156;1,315514179;6,407476302;4,521588639;4,086163826;9,909670069;9,722556238;#NUM!;#NUM!;9,259225242;5,95307645;8,505339034;-0,645966446;8,525399428;8,386355311;6,483718785;2,251270125;1,513127232;6,353239783;4,49766993;4,073178536;9,931011161;9,738658555;#NUM!;#NUM!;9,35131464;6,254651901;8,584789119;-0,326605797;8,458949483;8,348040543;6,204961721;2,185164688;1,609437912;6,349630387;4,496338279;0,035756238;0,029033522;0,027860485;#NUM!;#NUM!;0,013738489;-0,013952682;0,010628746;-2,629417839;-0,148222951;-0,05801981;#NUM!;-0,040104339;0,035042128;0,192436296;0,125455519;0,035396825;0,042457116;0,041867715;#NUM!;#NUM!;0,031162327;0,027556246;0,022940476;-0,169911231;0,042853333;-0,042352639;0,816027438;0,053448278;-0,389233913;0,153482624;0,103184911;0,039300291;0,035802576;0,036719446;#NUM!;#NUM!;0,022646507;0,021038601;0,015516199;#NUM!;-0,013887881;0,073950168;-0,460946848;0,100558832;-0,138307967;0,114313776;0,07827972;0,044706926;0,035418614;0,033801924;#NUM!;#NUM!;0,019002958;0,08230947;0,012885721;#NUM!;0,049943019;0,10460022;-0,324019065;-0,042991144;0;0,05806065;0,02181106
dic.2001;60,53;21.035;17.357;0,00;0,00;11.677;514;5.403;0;4.297;3.677;620;8,6;6,50;690;101,0;0,00;0,00;3,04;4,57;2,34;60,08658739;19392,55041;15951,37806;0;0;10747,52092;436,1365505;4825,200367;0,067690618;4077,7;4196,8;-119,1;10,89914383;5,5;669,8025;100,1908784;59,94647373;20456,90758;16910,94419;0;0;11035,44019;448,400192;4861,13291;0,535314063;4856;4167,6;688,4;10,39107387;3,726666667;606,3614754;91,98160755;59,5111581;20124,03336;16689,85348;0;0;10500,99446;384,935755;4941,07913;0,524155729;5041,2;4386,8;654,4;9,499794107;4,540909091;574,3504688;89,80762929;58,7433841;20558,11765;16960,77416;0;0;11513,9502;520,4281829;5349,664456;0,721368052;4717,1;4221,9;495,2;8,89211286;5;572,2811475;89,68811644;1,788361497;477,1543731;396,4052212;0;0;162,5976894;-6,543498392;53,3129242;-1,124798004;-420;-544,8;124,8;-0,249337123;1,5;117,5448202;11,33621195;2,110513441;554,9391416;438,2794337;0;0;146,6450488;-6,127925749;51,01424234;-0,870886872;-651,5;-250,7;-400,8;-0,44598618;0,189393939;117,2510246;11,81300555;2,084799528;850,361615;693,405645;0;0;338,5870137;12,18753338;110,2473068;-0,099139971;203,7;-180,3;384;0,540803751;-1,773333333;86,2757377;9,01786062;2,293444148;707,7470483;601,7270294;0;0;235,1382614;8,013913553;76,07504408;0,564880684;-70,5;312,7;-383,2;0,908827183;-0,673549156;62,04246875;6,761999707;4,103167948;9,953955928;9,761761497;#NUM!;#NUM!;9,365337655;6,241998891;8,594705447;#NUM!;8,365695656;8,209879677;6,429719478;2,156723797;1,871802177;6,536439345;4,615361363;4,095786645;9,872644272;9,677300504;#NUM!;#NUM!;9,282430395;6,077955383;8,48160754;-2,692807698;8,313288383;8,342077609;#NUM!;2,388684238;1,704748092;6,506982893;4,607077151;4,09345206;9,926075883;9,735716276;#NUM!;#NUM!;9,308867209;6,105686119;8,489026799;-0,624901671;8,487970333;8,33509561;6,534370064;2,340947156;1,315514179;6,407476302;4,521588639;4,086163826;9,909670069;9,722556238;#NUM!;#NUM!;9,259225242;5,95307645;8,505339034;-0,645966446;8,525399428;8,386355311;6,483718785;2,251270125;1,513127232;6,353239783;4,49766993;0,029989412;0,022944766;0,023102942;#NUM!;#NUM!;0,014023015;-0,01265301;0,009916328;#NUM!;-0,093253827;-0,138160866;0,224757757;-0,028440891;0,262364264;0,186808958;0,119023084;0,035756238;0,029033522;0,027860485;#NUM!;#NUM!;0,013738489;-0,013952682;0,010628746;-2,629417839;-0,148222951;-0,05801981;#NUM!;-0,040104339;0,035042128;0,192436296;0,125455519;0,035396825;0,042457116;0,041867715;#NUM!;#NUM!;0,031162327;0,027556246;0,022940476;-0,169911231;0,042853333;-0,042352639;0,816027438;0,053448278;-0,389233913;0,153482624;0,103184911;0,039300291;0,035802576;0,036719446;#NUM!;#NUM!;0,022646507;0,021038601;0,015516199;#NUM!;-0,013887881;0,073950168;-0,460946848;0,100558832;-0,138307967;0,114313776;0,07827972
mar.2002;60,96;20.425;16.976;0,00;0,00;10.689;386;5.008;-1;4.622;3.681;941;9,6;5,68;670;94,1;0,00;0,00;2,44;4,01;1,72;60,5317456;21035,27202;17357,17938;0;0;11676,54789;513,8846845;5402,97738;-0,403429951;4297,1;3677,1;620;8,642775737;6,5;689,8259677;101,0243284;60,08658739;19392,55041;15951,37806;0;0;10747,52092;436,1365505;4825,200367;0,067690618;4077,7;4196,8;-119,1;10,89914383;5,5;669,8025;100,1908784;59,94647373;20456,90758;16910,94419;0;0;11035,44019;448,400192;4861,13291;0,535314063;4856;4167,6;688,4;10,39107387;3,726666667;606,3614754;91,98160755;59,5111581;20124,03336;16689,85348;0;0;10500,99446;384,935755;4941,07913;0,524155729;5041,2;4386,8;654,4;9,499794107;4,540909091;574,3504688;89,80762929;1,453149502;301,4337416;286,386601;0;0;187,932847;1,033066227;66,62880604;-1,388005064;-419,6;-705,9;286,3;0,10170149;1,139090909;95,3621119;4,298923113;1,788361497;477,1543731;396,4052212;0;0;162,5976894;-6,543498392;53,3129242;-1,124798004;-420;-544,8;124,8;-0,249337123;1,5;117,5448202;11,33621195;2,110513441;554,9391416;438,2794337;0;0;146,6450488;-6,127925749;51,01424234;-0,870886872;-651,5;-250,7;-400,8;-0,44598618;0,189393939;117,2510246;11,81300555;2,084799528;850,361615;693,405645;0;0;338,5870137;12,18753338;110,2473068;-0,099139971;203,7;-180,3;384;0,540803751;-1,773333333;86,2757377;9,01786062;4,110288572;9,924537788;9,739570003;#NUM!;#NUM!;9,276963653;5,955756592;8,518733592;#NUM!;8,438496244;8,210912566;6,846624279;2,261918878;1,736951233;6,506848636;4,544427677;4,103167948;9,953955928;9,761761497;#NUM!;#NUM!;9,365337655;6,241998891;8,594705447;#NUM!;8,365695656;8,209879677;6,429719478;2,156723797;1,871802177;6,536439345;4,615361363;4,095786645;9,872644272;9,677300504;#NUM!;#NUM!;9,282430395;6,077955383;8,48160754;-2,692807698;8,313288383;8,342077609;#NUM!;2,388684238;1,704748092;6,506982893;4,607077151;4,09345206;9,926075883;9,735716276;#NUM!;#NUM!;9,308867209;6,105686119;8,489026799;-0,624901671;8,487970333;8,33509561;6,534370064;2,340947156;1,315514179;6,407476302;4,521588639;0,024124746;0,014867719;0,017013765;#NUM!;#NUM!;0,017738411;0,002680142;0,013394558;#NUM!;-0,086903183;-0,175442744;0,362905494;0,010648752;0,223824;0,153608854;0,046757746;0,029989412;0,022944766;0,023102942;#NUM!;#NUM!;0,014023015;-0,01265301;0,009916328;#NUM!;-0,093253827;-0,138160866;0,224757757;-0,028440891;0,262364264;0,186808958;0,119023084;0,035756238;0,029033522;0,027860485;#NUM!;#NUM!;0,013738489;-0,013952682;0,010628746;-2,629417839;-0,148222951;-0,05801981;#NUM!;-0,040104339;0,035042128;0,192436296;0,125455519;0,035396825;0,042457116;0,041867715;#NUM!;#NUM!;0,031162327;0,027556246;0,022940476;-0,169911231;0,042853333;-0,042352639;0,816027438;0,053448278;-0,389233913;0,153482624;0,103184911
jun.2002;61,27;20.985;17.416;0,00;0,00;11.157;446;4.910;-2;4.863;4.056;807;10,3;4,33;659;92,7;0,00;0,00;2,20;3,60;2,99;60,9643076;20425,4671;16976,24008;0;0;10688,92731;385,9688212;5007,707936;-0,863849335;4621,6;3680,9;940,7;9,601495596;5,68;669,7125806;94,10655241;60,5317456;21035,27202;17357,17938;0;0;11676,54789;513,8846845;5402,97738;-0,403429951;4297,1;3677,1;620;8,642775737;6,5;689,8259677;101,0243284;60,08658739;19392,55041;15951,37806;0;0;10747,52092;436,1365505;4825,200367;0,067690618;4077,7;4196,8;-119,1;10,89914383;5,5;669,8025;100,1908784;59,94647373;20456,90758;16910,94419;0;0;11035,44019;448,400192;4861,13291;0,535314063;4856;4167,6;688,4;10,39107387;3,726666667;606,3614754;91,98160755;1,321357325;528,2089152;504,8209755;0;0;121,3020508;-2,325191904;48,63218057;-2,060259891;7,1;-111,8;118,9;-0,091058502;0,6;52,99409836;0,71266612;1,453149502;301,4337416;286,386601;0;0;187,932847;1,033066227;66,62880604;-1,388005064;-419,6;-705,9;286,3;0,10170149;1,139090909;95,3621119;4,298923113;1,788361497;477,1543731;396,4052212;0;0;162,5976894;-6,543498392;53,3129242;-1,124798004;-420;-544,8;124,8;-0,249337123;1,5;117,5448202;11,33621195;2,110513441;554,9391416;438,2794337;0;0;146,6450488;-6,127925749;51,01424234;-0,870886872;-651,5;-250,7;-400,8;-0,44598618;0,189393939;117,2510246;11,81300555;4,115254926;9,951568727;9,765131119;#NUM!;#NUM!;9,31979928;6,1004871;8,498981377;#NUM!;8,489431374;8,307903234;6,693695346;2,332145387;1,464797423;6,491262955;4,529306698;4,110288572;9,924537788;9,739570003;#NUM!;#NUM!;9,276963653;5,955756592;8,518733592;#NUM!;8,438496244;8,210912566;6,846624279;2,261918878;1,736951233;6,506848636;4,544427677;4,103167948;9,953955928;9,761761497;#NUM!;#NUM!;9,365337655;6,241998891;8,594705447;#NUM!;8,365695656;8,209879677;6,429719478;2,156723797;1,871802177;6,536439345;4,615361363;4,095786645;9,872644272;9,677300504;#NUM!;#NUM!;9,282430395;6,077955383;8,48160754;-2,692807698;8,313288383;8,342077609;#NUM!;2,388684238;1,704748092;6,506982893;4,607077151;0,021802867;0,025492844;0,029414842;#NUM!;#NUM!;0,010932071;-0,00519902;0,009954578;#NUM!;0,001461041;-0,027192375;0,159325282;-0,008801769;0,149283244;0,083786652;0,007718059;0,024124746;0,014867719;0,017013765;#NUM!;#NUM!;0,017738411;0,002680142;0,013394558;#NUM!;-0,086903183;-0,175442744;0,362905494;0,010648752;0,223824;0,153608854;0,046757746;0,029989412;0,022944766;0,023102942;#NUM!;#NUM!;0,014023015;-0,01265301;0,009916328;#NUM!;-0,093253827;-0,138160866;0,224757757;-0,028440891;0,262364264;0,186808958;0,119023084;0,035756238;0,029033522;0,027860485;#NUM!;#NUM!;0,013738489;-0,013952682;0,010628746;-2,629417839;-0,148222951;-0,05801981;#NUM!;-0,040104339;0,035042128;0,192436296;0,125455519
sept.2002;61,51;20.173;16.719;0,00;0,00;11.089;470;4.902;-2;4.054;4.172;-118;10,6;3,20;708;99,9;0,00;0,00;2,36;3,64;4,81;61,26783106;20985,11649;17415,76516;0;0;11156,74224;446,0750001;4909,765091;-1,524945829;4863,1;4055,8;807,3;10,30001536;4,326666667;659,3555738;92,69427367;60,9643076;20425,4671;16976,24008;0;0;10688,92731;385,9688212;5007,707936;-0,863849335;4621,6;3680,9;940,7;9,601495596;5,68;669,7125806;94,10655241;60,5317456;21035,27202;17357,17938;0;0;11676,54789;513,8846845;5402,97738;-0,403429951;4297,1;3677,1;620;8,642775737;6,5;689,8259677;101,0243284;60,08658739;19392,55041;15951,37806;0;0;10747,52092;436,1365505;4825,200367;0,067690618;4077,7;4196,8;-119,1;10,89914383;5,5;669,8025;100,1908784;1,418725732;780,4291081;767,1512498;0;0;341,7244504;33,5486777;76,46140474;-1,822047728;-23,7;-24,8;1,1;-0,26528846;-2,296666667;37,76400794;-0,264852973;1,321357325;528,2089152;504,8209755;0;0;121,3020508;-2,325191904;48,63218057;-2,060259891;7,1;-111,8;118,9;-0,091058502;0,6;52,99409836;0,71266612;1,453149502;301,4337416;286,386601;0;0;187,932847;1,033066227;66,62880604;-1,388005064;-419,6;-705,9;286,3;0,10170149;1,139090909;95,3621119;4,298923113;1,788361497;477,1543731;396,4052212;0;0;162,5976894;-6,543498392;53,3129242;-1,124798004;-420;-544,8;124,8;-0,249337123;1,5;117,5448202;11,33621195;4,119123563;9,91209934;9,724272923;#NUM!;#NUM!;9,313731033;6,152062743;8,497329564;#NUM!;8,307459327;8,336150816;#NUM!;2,364042814;1,164191934;6,561831629;4,604430167;4,115254926;9,951568727;9,765131119;#NUM!;#NUM!;9,31979928;6,1004871;8,498981377;#NUM!;8,489431374;8,307903234;6,693695346;2,332145387;1,464797423;6,491262955;4,529306698;4,110288572;9,924537788;9,739570003;#NUM!;#NUM!;9,276963653;5,955756592;8,518733592;#NUM!;8,438496244;8,210912566;6,846624279;2,261918878;1,736951233;6,506848636;4,544427677;4,103167948;9,953955928;9,761761497;#NUM!;#NUM!;9,365337655;6,241998891;8,594705447;#NUM!;8,365695656;8,209879677;6,429719478;2,156723797;1,871802177;6,536439345;4,615361363;0,023336918;0,039455068;0,04697242;#NUM!;#NUM!;0,031300637;0,07410736;0,015722024;#NUM!;-0,005829056;-0,005926793;#NUM!;-0,024641424;-0,540556158;0,054848736;-0,002646984;0,021802867;0,025492844;0,029414842;#NUM!;#NUM!;0,010932071;-0,00519902;0,009954578;#NUM!;0,001461041;-0,027192375;0,159325282;-0,008801769;0,149283244;0,083786652;0,007718059;0,024124746;0,014867719;0,017013765;#NUM!;#NUM!;0,017738411;0,002680142;0,013394558;#NUM!;-0,086903183;-0,175442744;0,362905494;0,010648752;0,223824;0,153608854;0,046757746;0,029989412;0,022944766;0,023102942;#NUM!;#NUM!;0,014023015;-0,01265301;0,009916328;#NUM!;-0,093253827;-0,138160866;0,224757757;-0,028440891;0,262364264;0,186808958;0,119023084
dic.2002;62,31;21.942;18.151;0,00;0,00;11.967;558;5.542;-2;4.641;3.886;756;8,7;3,00;719;100,7;0,00;0,00;2,94;3,04;4,57;61,50531312;20172,97952;16718,52931;0;0;11089,24538;469,6852282;4901,661772;-1,754357111;4054;4172;-118;10,63385537;3,203333333;707,5665079;99,92602544;61,26783106;20985,11649;17415,76516;0;0;11156,74224;446,0750001;4909,765091;-1,524945829;4863,1;4055,8;807,3;10,30001536;4,326666667;659,3555738;92,69427367;60,9643076;20425,4671;16976,24008;0;0;10688,92731;385,9688212;5007,707936;-0,863849335;4621,6;3680,9;940,7;9,601495596;5,68;669,7125806;94,10655241;60,5317456;21035,27202;17357,17938;0;0;11676,54789;513,8846845;5402,97738;-0,403429951;4297,1;3677,1;620;8,642775737;6,5;689,8259677;101,0243284;1,78162757;906,8466416;793,5620005;0;0;290,2024203;43,91369129;139,362898;-1,759186822;344,1;208,4;135,7;0,053623665;-3,5;29,25038146;-0,32659045;1,418725732;780,4291081;767,1512498;0;0;341,7244504;33,5486777;76,46140474;-1,822047728;-23,7;-24,8;1,1;-0,26528846;-2,296666667;37,76400794;-0,264852973;1,321357325;528,2089152;504,8209755;0;0;121,3020508;-2,325191904;48,63218057;-2,060259891;7,1;-111,8;118,9;-0,091058502;0,6;52,99409836;0,71266612;1,453149502;301,4337416;286,386601;0;0;187,932847;1,033066227;66,62880604;-1,388005064;-419,6;-705,9;286,3;0,10170149;1,139090909;95,3621119;4,298923113;4,13217606;9,996163296;9,806466686;#NUM!;#NUM!;9,389887275;6,323997563;8,620172123;#NUM!;8,442728232;8,265006955;6,627644472;2,162909078;1,098612289;6,57796754;4,612123336;4,119123563;9,91209934;9,724272923;#NUM!;#NUM!;9,313731033;6,152062743;8,497329564;#NUM!;8,307459327;8,336150816;#NUM!;2,364042814;1,164191934;6,561831629;4,604430167;4,115254926;9,951568727;9,765131119;#NUM!;#NUM!;9,31979928;6,1004871;8,498981377;#NUM!;8,489431374;8,307903234;6,693695346;2,332145387;1,464797423;6,491262955;4,529306698;4,110288572;9,924537788;9,739570003;#NUM!;#NUM!;9,276963653;5,955756592;8,518733592;#NUM!;8,438496244;8,210912566;6,846624279;2,261918878;1,736951233;6,506848636;4,544427677;0,029008112;0,042207368;0,044705189;#NUM!;#NUM!;0,02454962;0,081998672;0,025466676;#NUM!;0,077032577;0,055127278;0,197924994;0,006185281;-0,773189888;0,041528195;-0,003238027;0,023336918;0,039455068;0,04697242;#NUM!;#NUM!;0,031300637;0,07410736;0,015722024;#NUM!;-0,005829056;-0,005926793;#NUM!;-0,024641424;-0,540556158;0,054848736;-0,002646984;0,021802867;0,025492844;0,029414842;#NUM!;#NUM!;0,010932071;-0,00519902;0,009954578;#NUM!;0,001461041;-0,027192375;0,159325282;-0,008801769;0,149283244;0,083786652;0,007718059;0,024124746;0,014867719;0,017013765;#NUM!;#NUM!;0,017738411;0,002680142;0,013394558;#NUM!;-0,086903183;-0,175442744;0,362905494;0,010648752;0,223824;0,153608854;0,046757746
mar.2003;63,26;21.364;17.749;0,00;0,00;11.007;428;5.141;-3;5.194;4.209;984;9,2;2,77;737;107,6;0,00;0,00;3,77;2,44;4,55;62,31337317;21942,11867;18150,74138;0;0;11966,75031;557,7983758;5542,340278;-2,162616773;4641,2;3885,5;755,7;8,696399402;3;719,0763492;100,6977379;61,50531312;20172,97952;16718,52931;0;0;11089,24538;469,6852282;4901,661772;-1,754357111;4054;4172;-118;10,63385537;3,203333333;707,5665079;99,92602544;61,26783106;20985,11649;17415,76516;0;0;11156,74224;446,0750001;4909,765091;-1,524945829;4863,1;4055,8;807,3;10,30001536;4,326666667;659,3555738;92,69427367;60,9643076;20425,4671;16976,24008;0;0;10688,92731;385,9688212;5007,707936;-0,863849335;4621,6;3680,9;940,7;9,601495596;5,68;669,7125806;94,10655241;2,300687511;938,908116;772,471157;0;0;318,0675359;42,19005148;133,3077474;-1,712837049;571,9750207;528,4708027;43,50421798;-0,388684212;-2,906666667;66,91805428;13,50990543;1,78162757;906,8466416;793,5620005;0;0;290,2024203;43,91369129;139,362898;-1,759186822;344,1;208,4;135,7;0,053623665;-3,5;29,25038146;-0,32659045;1,418725732;780,4291081;767,1512498;0;0;341,7244504;33,5486777;76,46140474;-1,822047728;-23,7;-24,8;1,1;-0,26528846;-2,296666667;37,76400794;-0,264852973;1,321357325;528,2089152;504,8209755;0;0;121,3020508;-2,325191904;48,63218057;-2,060259891;7,1;-111,8;118,9;-0,091058502;0,6;52,99409836;0,71266612;4,147332176;9,969480104;9,784068186;#NUM!;#NUM!;9,306286244;6,059494325;8,545005943;#NUM!;8,555177568;8,345068462;6,891833414;2,220595057;1,020049966;6,602086593;4,67857359;4,13217606;9,996163296;9,806466686;#NUM!;#NUM!;9,389887275;6,323997563;8,620172123;#NUM!;8,442728232;8,265006955;6,627644472;2,162909078;1,098612289;6,57796754;4,612123336;4,119123563;9,91209934;9,724272923;#NUM!;#NUM!;9,313731033;6,152062743;8,497329564;#NUM!;8,307459327;8,336150816;#NUM!;2,364042814;1,164191934;6,561831629;4,604430167;4,115254926;9,951568727;9,765131119;#NUM!;#NUM!;9,31979928;6,1004871;8,498981377;#NUM!;8,489431374;8,307903234;6,693695346;2,332145387;1,464797423;6,491262955;4,529306698;0,037043605;0,044942316;0,044498183;#NUM!;#NUM!;0,029322591;0,103737732;0,026272351;#NUM!;0,116681323;0,134155896;0,045209135;-0,04132382;-0,716901267;0,095237957;0,134145913;0,029008112;0,042207368;0,044705189;#NUM!;#NUM!;0,02454962;0,081998672;0,025466676;#NUM!;0,077032577;0,055127278;0,197924994;0,006185281;-0,773189888;0,041528195;-0,003238027;0,023336918;0,039455068;0,04697242;#NUM!;#NUM!;0,031300637;0,07410736;0,015722024;#NUM!;-0,005829056;-0,005926793;#NUM!;-0,024641424;-0,540556158;0,054848736;-0,002646984;0,021802867;0,025492844;0,029414842;#NUM!;#NUM!;0,010932071;-0,00519902;0,009954578;#NUM!;0,001461041;-0,027192375;0,159325282;-0,008801769;0,149283244;0,083786652;0,007718059
jun.2003;63,55;21.878;18.164;0,00;0,00;11.620;485;5.092;-3;5.308;4.458;850;10,1;2,75;710;107,0;0,00;0,00;3,72;2,20;4,30;63,26499511;21364,37521;17748,71124;0;0;11006,99484;428,1588727;5141,015684;-2,576686384;5193,575021;4209,370803;984,204218;9,212811384;2,773333333;736,6306349;107,6164578;62,31337317;21942,11867;18150,74138;0;0;11966,75031;557,7983758;5542,340278;-2,162616773;4641,2;3885,5;755,7;8,696399402;3;719,0763492;100,6977379;61,50531312;20172,97952;16718,52931;0;0;11089,24538;469,6852282;4901,661772;-1,754357111;4054;4172;-118;10,63385537;3,203333333;707,5665079;99,92602544;61,26783106;20985,11649;17415,76516;0;0;11156,74224;446,0750001;4909,765091;-1,524945829;4863,1;4055,8;807,3;10,30001536;4,326666667;659,3555738;92,69427367;2,278326417;892,955279;748,0571529;0;0;463,3454568;39,19468462;182,2162841;-1,223686409;444,7951961;402,0254662;42,76972992;-0,215274817;-1,576666667;51,11344262;14,2901202;2,300687511;938,908116;772,471157;0;0;318,0675359;42,19005148;133,3077474;-1,712837049;571,9750207;528,4708027;43,50421798;-0,388684212;-2,906666667;66,91805428;13,50990543;1,78162757;906,8466416;793,5620005;0;0;290,2024203;43,91369129;139,362898;-1,759186822;344,1;208,4;135,7;0,053623665;-3,5;29,25038146;-0,32659045;1,418725732;780,4291081;767,1512498;0;0;341,7244504;33,5486777;76,46140474;-1,822047728;-23,7;-24,8;1,1;-0,26528846;-2,296666667;37,76400794;-0,264852973;4,151766531;9,993240125;9,80718711;#NUM!;#NUM!;9,360490578;6,184704787;8,535422302;#NUM!;8,576950651;8,402416362;6,745318381;2,311023444;1,011600912;6,565925338;4,672682972;4,147332176;9,969480104;9,784068186;#NUM!;#NUM!;9,306286244;6,059494325;8,545005943;#NUM!;8,555177568;8,345068462;6,891833414;2,220595057;1,020049966;6,602086593;4,67857359;4,13217606;9,996163296;9,806466686;#NUM!;#NUM!;9,389887275;6,323997563;8,620172123;#NUM!;8,442728232;8,265006955;6,627644472;2,162909078;1,098612289;6,57796754;4,612123336;4,119123563;9,91209934;9,724272923;#NUM!;#NUM!;9,313731033;6,152062743;8,497329564;#NUM!;8,307459327;8,336150816;#NUM!;2,364042814;1,164191934;6,561831629;4,604430167;0,036511605;0,041671398;0,042055991;#NUM!;#NUM!;0,040691298;0,084217688;0,036440925;#NUM!;0,087519277;0,094513128;0,051623035;-0,021121942;-0,453196511;0,074662384;0,143376274;0,037043605;0,044942316;0,044498183;#NUM!;#NUM!;0,029322591;0,103737732;0,026272351;#NUM!;0,116681323;0,134155896;0,045209135;-0,04132382;-0,716901267;0,095237957;0,134145913;0,029008112;0,042207368;0,044705189;#NUM!;#NUM!;0,02454962;0,081998672;0,025466676;#NUM!;0,077032577;0,055127278;0,197924994;0,006185281;-0,773189888;0,041528195;-0,003238027;0,023336918;0,039455068;0,04697242;#NUM!;#NUM!;0,031300637;0,07410736;0,015722024;#NUM!;-0,005829056;-0,005926793;#NUM!;-0,024641424;-0,540556158;0,054848736;-0,002646984
sept.2003;63,18;20.979;17.373;0,00;0,00;11.564;504;5.137;-3;5.182;4.530;652;10,4;2,75;694;105,0;0,00;0,00;2,73;2,36;3,91;63,54615747;21878,07177;18163,82232;0;0;11620,0877;485,2696847;5091,981375;-2,748632237;5307,895196;4457,825466;850,0697299;10,08474055;2,75;710,4690164;106,9843939;63,26499511;21364,37521;17748,71124;0;0;11006,99484;428,1588727;5141,015684;-2,576686384;5193,575021;4209,370803;984,204218;9,212811384;2,773333333;736,6306349;107,6164578;62,31337317;21942,11867;18150,74138;0;0;11966,75031;557,7983758;5542,340278;-2,162616773;4641,2;3885,5;755,7;8,696399402;3;719,0763492;100,6977379;61,50531312;20172,97952;16718,52931;0;0;11089,24538;469,6852282;4901,661772;-1,754357111;4054;4172;-118;10,63385537;3,203333333;707,5665079;99,92602544;1,677324108;805,8872186;654,4027224;0;0;474,3752735;34,57417341;235,490894;-1,216023361;1128,216374;357,9802625;770,2361117;-0,212925434;-0,453333333;-13,74873016;5,121788697;2,278326417;892,955279;748,0571529;0;0;463,3454568;39,19468462;182,2162841;-1,223686409;444,7951961;402,0254662;42,76972992;-0,215274817;-1,576666667;51,11344262;14,2901202;2,300687511;938,908116;772,471157;0;0;318,0675359;42,19005148;133,3077474;-1,712837049;571,9750207;528,4708027;43,50421798;-0,388684212;-2,906666667;66,91805428;13,50990543;1,78162757;906,8466416;793,5620005;0;0;290,2024203;43,91369129;139,362898;-1,759186822;344,1;208,4;135,7;0,053623665;-3,5;29,25038146;-0,32659045;4,146029536;9,951270864;9,762668644;#NUM!;#NUM!;9,355619298;6,223090821;8,544254249;#NUM!;8,552988115;8,418472861;6,480406631;2,343816277;1,011600912;6,542209358;4,654415619;4,151766531;9,993240125;9,80718711;#NUM!;#NUM!;9,360490578;6,184704787;8,535422302;#NUM!;8,576950651;8,402416362;6,745318381;2,311023444;1,011600912;6,565925338;4,672682972;4,147332176;9,969480104;9,784068186;#NUM!;#NUM!;9,306286244;6,059494325;8,545005943;#NUM!;8,555177568;8,345068462;6,891833414;2,220595057;1,020049966;6,602086593;4,67857359;4,13217606;9,996163296;9,806466686;#NUM!;#NUM!;9,389887275;6,323997563;8,620172123;#NUM!;8,442728232;8,265006955;6,627644472;2,162909078;1,098612289;6,57796754;4,612123336;0,026905973;0,039171524;0,038395721;#NUM!;#NUM!;0,041888266;0,071028078;0,046924685;#NUM!;0,245528788;0,082322045;#NUM!;-0,020226537;-0,152591023;-0,019622271;0,049985453;0,036511605;0,041671398;0,042055991;#NUM!;#NUM!;0,040691298;0,084217688;0,036440925;#NUM!;0,087519277;0,094513128;0,051623035;-0,021121942;-0,453196511;0,074662384;0,143376274;0,037043605;0,044942316;0,044498183;#NUM!;#NUM!;0,029322591;0,103737732;0,026272351;#NUM!;0,116681323;0,134155896;0,045209135;-0,04132382;-0,716901267;0,095237957;0,134145913;0,029008112;0,042207368;0,044705189;#NUM!;#NUM!;0,02454962;0,081998672;0,025466676;#NUM!;0,077032577;0,055127278;0,197924994;0,006185281;-0,773189888;0,041528195;-0,003238027
dic.2003;62,98;22.721;18.883;0,00;0,00;12.741;628;5.858;-3;5.967;4.671;1.297;8,5;2,65;626;97,6;0,00;0,00;1,07;2,94;4,03;63,18263723;20978,86674;17372,93204;0;0;11563,62065;504,2594016;5137,152666;-2,970380472;5182,216374;4529,980263;652,2361117;10,42092993;2,75;693,8177778;105,0478141;63,54615747;21878,07177;18163,82232;0;0;11620,0877;485,2696847;5091,981375;-2,748632237;5307,895196;4457,825466;850,0697299;10,08474055;2,75;710,4690164;106,9843939;63,26499511;21364,37521;17748,71124;0;0;11006,99484;428,1588727;5141,015684;-2,576686384;5193,575021;4209,370803;984,204218;9,212811384;2,773333333;736,6306349;107,6164578;62,31337317;21942,11867;18150,74138;0;0;11966,75031;557,7983758;5542,340278;-2,162616773;4641,2;3885,5;755,7;8,696399402;3;719,0763492;100,6977379;0,664215646;779,3248568;732,3271301;0;0;774,2854728;69,7807896;315,6007644;-0,477604031;1326,020307;785,2196302;540,8006765;-0,243734964;-0,35;-93,25047619;-3,131381753;1,677324108;805,8872186;654,4027224;0;0;474,3752735;34,57417341;235,490894;-1,216023361;1128,216374;357,9802625;770,2361117;-0,212925434;-0,453333333;-13,74873016;5,121788697;2,278326417;892,955279;748,0571529;0;0;463,3454568;39,19468462;182,2162841;-1,223686409;444,7951961;402,0254662;42,76972992;-0,215274817;-1,576666667;51,11344262;14,2901202;2,300687511;938,908116;772,471157;0;0;318,0675359;42,19005148;133,3077474;-1,712837049;571,9750207;528,4708027;43,50421798;-0,388684212;-2,906666667;66,91805428;13,50990543;4,14277893;10,03106441;9,846020954;#NUM!;#NUM!;9,452583227;6,441869823;8,675553463;#NUM!;8,694036488;8,449068435;7,167424127;2,13448171;0,97455964;6,439072174;4,580532723;4,146029536;9,951270864;9,762668644;#NUM!;#NUM!;9,355619298;6,223090821;8,544254249;#NUM!;8,552988115;8,418472861;6,480406631;2,343816277;1,011600912;6,542209358;4,654415619;4,151766531;9,993240125;9,80718711;#NUM!;#NUM!;9,360490578;6,184704787;8,535422302;#NUM!;8,576950651;8,402416362;6,745318381;2,311023444;1,011600912;6,565925338;4,672682972;4,147332176;9,969480104;9,784068186;#NUM!;#NUM!;9,306286244;6,059494325;8,545005943;#NUM!;8,555177568;8,345068462;6,891833414;2,220595057;1,020049966;6,602086593;4,67857359;0,01060287;0,034901111;0,039554267;#NUM!;#NUM!;0,062695952;0,11787226;0,055381339;#NUM!;0,251308255;0,184061481;0,539779655;-0,028427368;-0,124052649;-0,138895366;-0,031590613;0,026905973;0,039171524;0,038395721;#NUM!;#NUM!;0,041888266;0,071028078;0,046924685;#NUM!;0,245528788;0,082322045;#NUM!;-0,020226537;-0,152591023;-0,019622271;0,049985453;0,036511605;0,041671398;0,042055991;#NUM!;#NUM!;0,040691298;0,084217688;0,036440925;#NUM!;0,087519277;0,094513128;0,051623035;-0,021121942;-0,453196511;0,074662384;0,143376274;0,037043605;0,044942316;0,044498183;#NUM!;#NUM!;0,029322591;0,103737732;0,026272351;#NUM!;0,116681323;0,134155896;0,045209135;-0,04132382;-0,716901267;0,095237957;0,134145913
mar.2004;63,29;22.421;18.771;0,00;0,00;11.773;509;5.520;-2;7.685;4.974;2.711;9,2;1,79;588;94,5;0,00;0,00;0,03;3,77;5,76;62,97758881;22721,44352;18883,06851;0;0;12741,03578;627,5791654;5857,941042;-2,640220804;5967,220307;4670,71963;1296,500677;8,452664438;2,65;625,825873;97,56635618;63,18263723;20978,86674;17372,93204;0;0;11563,62065;504,2594016;5137,152666;-2,970380472;5182,216374;4529,980263;652,2361117;10,42092993;2,75;693,8177778;105,0478141;63,54615747;21878,07177;18163,82232;0;0;11620,0877;485,2696847;5091,981375;-2,748632237;5307,895196;4457,825466;850,0697299;10,08474055;2,75;710,4690164;106,9843939;63,26499511;21364,37521;17748,71124;0;0;11006,99484;428,1588727;5141,015684;-2,576686384;5193,575021;4209,370803;984,204218;9,212811384;2,773333333;736,6306349;107,6164578;0,020126971;1056,143753;1022,428901;0;0;766,0147795;80,47755237;379,1735936;0,167580797;2491,649243;765,0013813;1726,647862;-0,033666521;-0,983333333;-148,7779787;-13,07220018;0,664215646;779,3248568;732,3271301;0;0;774,2854728;69,7807896;315,6007644;-0,477604031;1326,020307;785,2196302;540,8006765;-0,243734964;-0,35;-93,25047619;-3,131381753;1,677324108;805,8872186;654,4027224;0;0;474,3752735;34,57417341;235,490894;-1,216023361;1128,216374;357,9802625;770,2361117;-0,212925434;-0,453333333;-13,74873016;5,121788697;2,278326417;892,955279;748,0571529;0;0;463,3454568;39,19468462;182,2162841;-1,223686409;444,7951961;402,0254662;42,76972992;-0,215274817;-1,576666667;51,11344262;14,2901202;4,147650263;10,01773184;9,84007587;#NUM!;#NUM!;9,37356487;6,231733469;8,616167428;#NUM!;8,947054838;8,512054447;7,905018285;2,216934048;0,58221562;6,376476332;4,54906806;4,14277893;10,03106441;9,846020954;#NUM!;#NUM!;9,452583227;6,441869823;8,675553463;#NUM!;8,694036488;8,449068435;7,167424127;2,13448171;0,97455964;6,439072174;4,580532723;4,146029536;9,951270864;9,762668644;#NUM!;#NUM!;9,355619298;6,223090821;8,544254249;#NUM!;8,552988115;8,418472861;6,480406631;2,343816277;1,011600912;6,542209358;4,654415619;4,151766531;9,993240125;9,80718711;#NUM!;#NUM!;9,360490578;6,184704787;8,535422302;#NUM!;8,576950651;8,402416362;6,745318381;2,311023444;1,011600912;6,565925338;4,672682972;0,000318087;0,04825174;0,056007684;#NUM!;#NUM!;0,067278626;0,172239144;0,071161485;#NUM!;0,39187727;0,166985985;1,013184871;-0,003661009;-0,437834346;-0,225610261;-0,12950553;0,01060287;0,034901111;0,039554267;#NUM!;#NUM!;0,062695952;0,11787226;0,055381339;#NUM!;0,251308255;0,184061481;0,539779655;-0,028427368;-0,124052649;-0,138895366;-0,031590613;0,026905973;0,039171524;0,038395721;#NUM!;#NUM!;0,041888266;0,071028078;0,046924685;#NUM!;0,245528788;0,082322045;#NUM!;-0,020226537;-0,152591023;-0,019622271;0,049985453;0,036511605;0,041671398;0,042055991;#NUM!;#NUM!;0,040691298;0,084217688;0,036440925;#NUM!;0,087519277;0,094513128;0,051623035;-0,021121942;-0,453196511;0,074662384;0,143376274
jun.2004;63,84;23.248;19.379;0,00;0,00;12.578;625;5.469;-2;7.975;5.292;2.682;10,9;1,75;629;100,9;0,00;0,00;0,47;3,72;6,69;63,28512208;22420,51897;18771,14014;0;0;11773,00962;508,6364251;5520,189277;-2,409105587;7685,224264;4974,372184;2710,85208;9,179144864;1,79;587,8526563;94,54425766;62,97758881;22721,44352;18883,06851;0;0;12741,03578;627,5791654;5857,941042;-2,640220804;5967,220307;4670,71963;1296,500677;8,452664438;2,65;625,825873;97,56635618;63,18263723;20978,86674;17372,93204;0;0;11563,62065;504,2594016;5137,152666;-2,970380472;5182,216374;4529,980263;652,2361117;10,42092993;2,75;693,8177778;105,0478141;63,54615747;21878,07177;18163,82232;0;0;11620,0877;485,2696847;5091,981375;-2,748632237;5307,895196;4457,825466;850,0697299;10,08474055;2,75;710,4690164;106,9843939;0,295549387;1369,792471;1215,035049;0;0;958,2465901;139,652673;377,3361964;0,882862923;2666,679828;834,3098954;1832,369932;0,831360597;-1;-81,66557377;-6,03732096;0,020126971;1056,143753;1022,428901;0;0;766,0147795;80,47755237;379,1735936;0,167580797;2491,649243;765,0013813;1726,647862;-0,033666521;-0,983333333;-148,7779787;-13,07220018;0,664215646;779,3248568;732,3271301;0;0;774,2854728;69,7807896;315,6007644;-0,477604031;1326,020307;785,2196302;540,8006765;-0,243734964;-0,35;-93,25047619;-3,131381753;1,677324108;805,8872186;654,4027224;0;0;474,3752735;34,57417341;235,490894;-1,216023361;1128,216374;357,9802625;770,2361117;-0,212925434;-0,453333333;-13,74873016;5,121788697;4,156406689;10,05396855;9,871937924;#NUM!;#NUM!;9,439731112;6,437627414;8,606909129;#NUM!;8,984013638;8,573977103;7,894481981;2,390238868;0,559615788;6,443818716;4,614596349;4,147650263;10,01773184;9,84007587;#NUM!;#NUM!;9,37356487;6,231733469;8,616167428;#NUM!;8,947054838;8,512054447;7,905018285;2,216934048;0,58221562;6,376476332;4,54906806;4,14277893;10,03106441;9,846020954;#NUM!;#NUM!;9,452583227;6,441869823;8,675553463;#NUM!;8,694036488;8,449068435;7,167424127;2,13448171;0,97455964;6,439072174;4,580532723;4,146029536;9,951270864;9,762668644;#NUM!;#NUM!;9,355619298;6,223090821;8,544254249;#NUM!;8,552988115;8,418472861;6,480406631;2,343816277;1,011600912;6,542209358;4,654415619;0,004640158;0,060728421;0,064750814;#NUM!;#NUM!;0,079240534;0,252922627;0,071486827;#NUM!;0,407062987;0,171560741;1,1491636;0,079215424;-0,451985124;-0,122106622;-0,058086623;0,000318087;0,04825174;0,056007684;#NUM!;#NUM!;0,067278626;0,172239144;0,071161485;#NUM!;0,39187727;0,166985985;1,013184871;-0,003661009;-0,437834346;-0,225610261;-0,12950553;0,01060287;0,034901111;0,039554267;#NUM!;#NUM!;0,062695952;0,11787226;0,055381339;#NUM!;0,251308255;0,184061481;0,539779655;-0,028427368;-0,124052649;-0,138895366;-0,031590613;0,026905973;0,039171524;0,038395721;#NUM!;#NUM!;0,041888266;0,071028078;0,046924685;#NUM!;0,245528788;0,082322045;#NUM!;-0,020226537;-0,152591023;-0,019622271;0,049985453
sept.2004;64,13;22.705;18.873;0,00;0,00;12.579;648;5.519;-1;8.426;6.117;2.309;11,1;1,81;628;101,9;0,00;0,00;1,50;2,73;8,63;63,84170686;23247,86424;19378,85737;0;0;12578,33429;624,9223578;5469,317572;-1,865769315;7974,575024;5292,135362;2682,439662;10,91610114;1,75;628,8034426;100,9470729;63,28512208;22420,51897;18771,14014;0;0;11773,00962;508,6364251;5520,189277;-2,409105587;7685,224264;4974,372184;2710,85208;9,179144864;1,79;587,8526563;94,54425766;62,97758881;22721,44352;18883,06851;0;0;12741,03578;627,5791654;5857,941042;-2,640220804;5967,220307;4670,71963;1296,500677;8,452664438;2,65;625,825873;97,56635618;63,18263723;20978,86674;17372,93204;0;0;11563,62065;504,2594016;5137,152666;-2,970380472;5182,216374;4529,980263;652,2361117;10,42092993;2,75;693,8177778;105,0478141;0,94777289;1726,080277;1499,984462;0;0;1015,44805;143,309161;381,8413733;1,682355417;3243,973616;1587,148678;1656,824938;0,665487838;-0,936666667;-65,34470085;-3,149089733;0,295549387;1369,792471;1215,035049;0;0;958,2465901;139,652673;377,3361964;0,882862923;2666,679828;834,3098954;1832,369932;0,831360597;-1;-81,66557377;-6,03732096;0,020126971;1056,143753;1022,428901;0;0;766,0147795;80,47755237;379,1735936;0,167580797;2491,649243;765,0013813;1726,647862;-0,033666521;-0,983333333;-148,7779787;-13,07220018;0,664215646;779,3248568;732,3271301;0;0;774,2854728;69,7807896;315,6007644;-0,477604031;1326,020307;785,2196302;540,8006765;-0,243734964;-0,35;-93,25047619;-3,131381753;4,160918668;10,03033811;9,845483184;#NUM!;#NUM!;9,439789497;6,473224676;8,615950883;#NUM!;9,03909999;8,718848138;7,744596249;2,405720735;0,595166772;6,44329319;4,623979422;4,156406689;10,05396855;9,871937924;#NUM!;#NUM!;9,439731112;6,437627414;8,606909129;#NUM!;8,984013638;8,573977103;7,894481981;2,390238868;0,559615788;6,443818716;4,614596349;4,147650263;10,01773184;9,84007587;#NUM!;#NUM!;9,37356487;6,231733469;8,616167428;#NUM!;8,947054838;8,512054447;7,905018285;2,216934048;0,58221562;6,376476332;4,54906806;4,14277893;10,03106441;9,846020954;#NUM!;#NUM!;9,452583227;6,441869823;8,675553463;#NUM!;8,694036488;8,449068435;7,167424127;2,13448171;0,97455964;6,439072174;4,580532723;0,014889132;0,079067246;0,08281454;#NUM!;#NUM!;0,084170199;0,250133855;0,071696634;#NUM!;0,486111875;0,300375277;1,264189618;0,061904458;-0,416434139;-0,098916168;-0,030436197;0,004640158;0,060728421;0,064750814;#NUM!;#NUM!;0,079240534;0,252922627;0,071486827;#NUM!;0,407062987;0,171560741;1,1491636;0,079215424;-0,451985124;-0,122106622;-0,058086623;0,000318087;0,04825174;0,056007684;#NUM!;#NUM!;0,067278626;0,172239144;0,071161485;#NUM!;0,39187727;0,166985985;1,013184871;-0,003661009;-0,437834346;-0,225610261;-0,12950553;0,01060287;0,034901111;0,039554267;#NUM!;#NUM!;0,062695952;0,11787226;0,055381339;#NUM!;0,251308255;0,184061481;0,539779655;-0,028427368;-0,124052649;-0,138895366;-0,031590613
dic.2004;64,40;24.838;20.704;0,00;0,00;13.887;817;6.260;-1;8.939;6.481;2.459;8,9;2,13;593;99,4;0,00;0,00;2,27;1,07;9,64;64,13041012;22704,94702;18872,9165;0;0;12579,0687;647,5685626;5518,994039;-1,288025055;8426,18999;6117,128941;2309,061049;11,08641777;1,813333333;628,4730769;101,8987244;63,84170686;23247,86424;19378,85737;0;0;12578,33429;624,9223578;5469,317572;-1,865769315;7974,575024;5292,135362;2682,439662;10,91610114;1,75;628,8034426;100,9470729;63,28512208;22420,51897;18771,14014;0;0;11773,00962;508,6364251;5520,189277;-2,409105587;7685,224264;4974,372184;2710,85208;9,179144864;1,79;587,8526563;94,54425766;62,97758881;22721,44352;18883,06851;0;0;12741,03578;627,5791654;5857,941042;-2,640220804;5967,220307;4670,71963;1296,500677;8,452664438;2,65;625,825873;97,56635618;1,427052791;2116,156107;1821,034894;0;0;1145,502902;189,1353807;402,4463734;2,110228792;2972,197419;1809,8188;1162,37862;0,423974204;-0,516666667;-32,66038914;1,805212033;0,94777289;1726,080277;1499,984462;0;0;1015,44805;143,309161;381,8413733;1,682355417;3243,973616;1587,148678;1656,824938;0,665487838;-0,936666667;-65,34470085;-3,149089733;0,295549387;1369,792471;1215,035049;0;0;958,2465901;139,652673;377,3361964;0,882862923;2666,679828;834,3098954;1832,369932;0,831360597;-1;-81,66557377;-6,03732096;0,020126971;1056,143753;1022,428901;0;0;766,0147795;80,47755237;379,1735936;0,167580797;2491,649243;765,0013813;1726,647862;-0,033666521;-0,983333333;-148,7779787;-13,07220018;4,165185705;10,1201139;9,938087192;#NUM!;#NUM!;9,53867521;6,705289641;8,74199735;#NUM!;9,098225735;8,776558877;7,807460954;2,183422954;0,757685702;6,385473422;4,598866039;4,160918668;10,03033811;9,845483184;#NUM!;#NUM!;9,439789497;6,473224676;8,615950883;#NUM!;9,03909999;8,718848138;7,744596249;2,405720735;0,595166772;6,44329319;4,623979422;4,156406689;10,05396855;9,871937924;#NUM!;#NUM!;9,439731112;6,437627414;8,606909129;#NUM!;8,984013638;8,573977103;7,894481981;2,390238868;0,559615788;6,443818716;4,614596349;4,147650263;10,01773184;9,84007587;#NUM!;#NUM!;9,37356487;6,231733469;8,616167428;#NUM!;8,947054838;8,512054447;7,905018285;2,216934048;0,58221562;6,376476332;4,54906806;0,022406775;0,089049492;0,092066238;#NUM!;#NUM!;0,086091982;0,263419818;0,066443887;#NUM!;0,404189247;0,327490442;0,640036828;0,048941244;-0,216873938;-0,053598752;0,018333316;0,014889132;0,079067246;0,08281454;#NUM!;#NUM!;0,084170199;0,250133855;0,071696634;#NUM!;0,486111875;0,300375277;1,264189618;0,061904458;-0,416434139;-0,098916168;-0,030436197;0,004640158;0,060728421;0,064750814;#NUM!;#NUM!;0,079240534;0,252922627;0,071486827;#NUM!;0,407062987;0,171560741;1,1491636;0,079215424;-0,451985124;-0,122106622;-0,058086623;0,000318087;0,04825174;0,056007684;#NUM!;#NUM!;0,067278626;0,172239144;0,071161485;#NUM!;0,39187727;0,166985985;1,013184871;-0,003661009;-0,437834346;-0,225610261;-0,12950553
mar.2005;64,74;23.847;20.208;0,00;0,00;12.769;617;5.847;0;9.431;6.720;2.710;9,1;2,61;578;98,8;0,00;0,00;2,29;0,03;7,65;64,4046416;24837,59963;20704,10341;0;0;13886,53868;816,7145461;6260,387416;-0,529992012;8939,417726;6480,53843;2458,879296;8,876638642;2,133333333;593,1654839;99,37156821;64,13041012;22704,94702;18872,9165;0;0;12579,0687;647,5685626;5518,994039;-1,288025055;8426,18999;6117,128941;2309,061049;11,08641777;1,813333333;628,4730769;101,8987244;63,84170686;23247,86424;19378,85737;0;0;12578,33429;624,9223578;5469,317572;-1,865769315;7974,575024;5292,135362;2682,439662;10,91610114;1,75;628,8034426;100,9470729;63,28512208;22420,51897;18771,14014;0;0;11773,00962;508,6364251;5520,189277;-2,409105587;7685,224264;4974,372184;2710,85208;9,179144864;1,79;587,8526563;94,54425766;1,451846652;1426,567073;1436,908637;0;0;996,2840897;108,7772237;327,2322615;2,27647657;1745,513199;1746,09543;-0,582231629;-0,101484612;0,816666667;-9,585830853;4,251145817;1,427052791;2116,156107;1821,034894;0;0;1145,502902;189,1353807;402,4463734;2,110228792;2972,197419;1809,8188;1162,37862;0,423974204;-0,516666667;-32,66038914;1,805212033;0,94777289;1726,080277;1499,984462;0;0;1015,44805;143,309161;381,8413733;1,682355417;3243,973616;1587,148678;1656,824938;0,665487838;-0,936666667;-65,34470085;-3,149089733;0,295549387;1369,792471;1215,035049;0;0;958,2465901;139,652673;377,3361964;0,882862923;2666,679828;834,3098954;1832,369932;0,831360597;-1;-81,66557377;-6,03732096;4,170332425;10,07941731;9,913836258;#NUM!;#NUM!;9,454798639;6,425539219;8,67375608;#NUM!;9,151729576;8,812913017;7,904803484;2,205816478;0,958072266;6,360035398;4,59305108;4,165185705;10,1201139;9,938087192;#NUM!;#NUM!;9,53867521;6,705289641;8,74199735;#NUM!;9,098225735;8,776558877;7,807460954;2,183422954;0,757685702;6,385473422;4,598866039;4,160918668;10,03033811;9,845483184;#NUM!;#NUM!;9,439789497;6,473224676;8,615950883;#NUM!;9,03909999;8,718848138;7,744596249;2,405720735;0,595166772;6,44329319;4,623979422;4,156406689;10,05396855;9,871937924;#NUM!;#NUM!;9,439731112;6,437627414;8,606909129;#NUM!;8,984013638;8,573977103;7,894481981;2,390238868;0,559615788;6,443818716;4,614596349;0,022682162;0,061685466;0,073760388;#NUM!;#NUM!;0,081233769;0,19380575;0,057588652;#NUM!;0,204674739;0,300858569;-0,000214801;-0,01111757;0,375856646;-0,016440934;0,04398302;0,022406775;0,089049492;0,092066238;#NUM!;#NUM!;0,086091982;0,263419818;0,066443887;#NUM!;0,404189247;0,327490442;0,640036828;0,048941244;-0,216873938;-0,053598752;0,018333316;0,014889132;0,079067246;0,08281454;#NUM!;#NUM!;0,084170199;0,250133855;0,071696634;#NUM!;0,486111875;0,300375277;1,264189618;0,061904458;-0,416434139;-0,098916168;-0,030436197;0,004640158;0,060728421;0,064750814;#NUM!;#NUM!;0,079240534;0,252922627;0,071486827;#NUM!;0,407062987;0,171560741;1,1491636;0,079215424;-0,451985124;-0,122106622;-0,058086623
jun.2005;65,61;24.599;20.899;0,00;0,00;13.516;734;5.758;0;10.257;7.369;2.889;10,1;3,11;581;99,0;0,00;0,00;2,77;0,47;7,85;64,73696873;23847,08604;20208,04878;0;0;12769,29371;617,4136488;5847,421539;-0,132629017;9430,737462;6720,467614;2710,269848;9,077660252;2,606666667;578,2668254;98,79540347;64,4046416;24837,59963;20704,10341;0;0;13886,53868;816,7145461;6260,387416;-0,529992012;8939,417726;6480,53843;2458,879296;8,876638642;2,133333333;593,1654839;99,37156821;64,13041012;22704,94702;18872,9165;0;0;12579,0687;647,5685626;5518,994039;-1,288025055;8426,18999;6117,128941;2309,061049;11,08641777;1,813333333;628,4730769;101,8987244;63,84170686;23247,86424;19378,85737;0;0;12578,33429;624,9223578;5469,317572;-1,865769315;7974,575024;5292,135362;2682,439662;10,91610114;1,75;628,8034426;100,9470729;1,765714573;1350,975174;1520,550979;0;0;937,7099867;109,0328597;288,8215914;1,9643729;2282,729812;2076,416527;206,3132853;-0,815846617;1,36;-47,39074421;-1,947207887;1,451846652;1426,567073;1436,908637;0;0;996,2840897;108,7772237;327,2322615;2,27647657;1745,513199;1746,09543;-0,582231629;-0,101484612;0,816666667;-9,585830853;4,251145817;1,427052791;2116,156107;1821,034894;0;0;1145,502902;189,1353807;402,4463734;2,110228792;2972,197419;1809,8188;1162,37862;0,423974204;-0,516666667;-32,66038914;1,805212033;0,94777289;1726,080277;1499,984462;0;0;1015,44805;143,309161;381,8413733;1,682355417;3243,973616;1587,148678;1656,824938;0,665487838;-0,936666667;-65,34470085;-3,149089733;4,183688821;10,11045454;9,947476129;#NUM!;#NUM!;9,511632724;6,598448015;8,65836964;-2,316647653;9,235745398;8,904976479;7,968580182;2,312560624;1,134622726;6,365460829;4,595118487;4,170332425;10,07941731;9,913836258;#NUM!;#NUM!;9,454798639;6,425539219;8,67375608;#NUM!;9,151729576;8,812913017;7,904803484;2,205816478;0,958072266;6,360035398;4,59305108;4,165185705;10,1201139;9,938087192;#NUM!;#NUM!;9,53867521;6,705289641;8,74199735;#NUM!;9,098225735;8,776558877;7,807460954;2,183422954;0,757685702;6,385473422;4,598866039;4,160918668;10,03033811;9,845483184;#NUM!;#NUM!;9,439789497;6,473224676;8,615950883;#NUM!;9,03909999;8,718848138;7,744596249;2,405720735;0,595166772;6,44329319;4,623979422;0,027282132;0,056485996;0,075538204;#NUM!;#NUM!;0,071901612;0,160820601;0,05146051;#NUM!;0,25173176;0,330999375;0,074098201;-0,077678244;0,575006938;-0,078357887;-0,019477862;0,022682162;0,061685466;0,073760388;#NUM!;#NUM!;0,081233769;0,19380575;0,057588652;#NUM!;0,204674739;0,300858569;-0,000214801;-0,01111757;0,375856646;-0,016440934;0,04398302;0,022406775;0,089049492;0,092066238;#NUM!;#NUM!;0,086091982;0,263419818;0,066443887;#NUM!;0,404189247;0,327490442;0,640036828;0,048941244;-0,216873938;-0,053598752;0,018333316;0,014889132;0,079067246;0,08281454;#NUM!;#NUM!;0,084170199;0,250133855;0,071696634;#NUM!;0,486111875;0,300375277;1,264189618;0,061904458;-0,416434139;-0,098916168;-0,030436197
sept.2005;66,26;23.896;20.092;0,00;0,00;13.540;798;5.845;0;10.275;8.175;2.100;9,8;3,66;553;93,8;0,00;0,00;3,32;1,50;6,46;65,60742143;24598,83942;20899,40835;0;0;13516,04428;733,9552175;5758,139163;0,098603586;10257,30484;7368,551888;2888,752947;10,10025453;3,11;581,4126984;98,99986502;64,73696873;23847,08604;20208,04878;0;0;12769,29371;617,4136488;5847,421539;-0,132629017;9430,737462;6720,467614;2710,269848;9,077660252;2,606666667;578,2668254;98,79540347;64,4046416;24837,59963;20704,10341;0;0;13886,53868;816,7145461;6260,387416;-0,529992012;8939,417726;6480,53843;2458,879296;8,876638642;2,133333333;593,1654839;99,37156821;64,13041012;22704,94702;18872,9165;0;0;12579,0687;647,5685626;5518,994039;-1,288025055;8426,18999;6117,128941;2309,061049;11,08641777;1,813333333;628,4730769;101,8987244;2,129171212;1190,733244;1219,263633;0;0;961,0543275;150,0777012;325,8224431;1,618872079;1849,111719;2057,831865;-208,7201462;-1,248898359;1,846666667;-75,54792067;-8,064847423;1,765714573;1350,975174;1520,550979;0;0;937,7099867;109,0328597;288,8215914;1,9643729;2282,729812;2076,416527;206,3132853;-0,815846617;1,36;-47,39074421;-1,947207887;1,451846652;1426,567073;1436,908637;0;0;996,2840897;108,7772237;327,2322615;2,27647657;1745,513199;1746,09543;-0,582231629;-0,101484612;0,816666667;-9,585830853;4,251145817;1,427052791;2116,156107;1821,034894;0;0;1145,502902;189,1353807;402,4463734;2,110228792;2972,197419;1809,8188;1162,37862;0,423974204;-0,516666667;-32,66038914;1,805212033;4,193580078;10,08145298;9,90808597;#NUM!;#NUM!;9,513412633;6,681665221;8,673310476;-1,106099172;9,237498402;9,008831201;7,649854945;2,286203587;1,297463147;6,315222651;4,541525953;4,183688821;10,11045454;9,947476129;#NUM!;#NUM!;9,511632724;6,598448015;8,65836964;-2,316647653;9,235745398;8,904976479;7,968580182;2,312560624;1,134622726;6,365460829;4,595118487;4,170332425;10,07941731;9,913836258;#NUM!;#NUM!;9,454798639;6,425539219;8,67375608;#NUM!;9,151729576;8,812913017;7,904803484;2,205816478;0,958072266;6,360035398;4,59305108;4,165185705;10,1201139;9,938087192;#NUM!;#NUM!;9,53867521;6,705289641;8,74199735;#NUM!;9,098225735;8,776558877;7,807460954;2,183422954;0,757685702;6,385473422;4,598866039;0,03266141;0,051114869;0,062602786;#NUM!;#NUM!;0,073623135;0,208440545;0,057359593;#NUM!;0,198398412;0,289983063;-0,094741303;-0,119517148;0,702296375;-0,128070539;-0,082453469;0,027282132;0,056485996;0,075538204;#NUM!;#NUM!;0,071901612;0,160820601;0,05146051;#NUM!;0,25173176;0,330999375;0,074098201;-0,077678244;0,575006938;-0,078357887;-0,019477862;0,022682162;0,061685466;0,073760388;#NUM!;#NUM!;0,081233769;0,19380575;0,057588652;#NUM!;0,204674739;0,300858569;-0,000214801;-0,01111757;0,375856646;-0,016440934;0,04398302;0,022406775;0,089049492;0,092066238;#NUM!;#NUM!;0,086091982;0,263419818;0,066443887;#NUM!;0,404189247;0,327490442;0,640036828;0,048941244;-0,216873938;-0,053598752;0,018333316
dic.2005;66,86;26.222;22.098;0,00;0,00;14.907;1.003;6.619;1;12.011;8.410;3.601;7,9;4,37;526;88,7;0,00;0,00;3,81;2,27;6,73;66,25958133;23895,68026;20092,18013;0;0;13540,12303;797,6462638;5844,816482;0,330847024;10275,30171;8174,960806;2100,340903;9,837519413;3,66;552,9251563;93,83387698;65,60742143;24598,83942;20899,40835;0;0;13516,04428;733,9552175;5758,139163;0,098603586;10257,30484;7368,551888;2888,752947;10,10025453;3,11;581,4126984;98,99986502;64,73696873;23847,08604;20208,04878;0;0;12769,29371;617,4136488;5847,421539;-0,132629017;9430,737462;6720,467614;2710,269848;9,077660252;2,606666667;578,2668254;98,79540347;64,4046416;24837,59963;20704,10341;0;0;13886,53868;816,7145461;6260,387416;-0,529992012;8939,417726;6480,53843;2458,879296;8,876638642;2,133333333;593,1654839;99,37156821;2,452569032;1384,670209;1393,622743;0;0;1020,694096;186,4052939;358,1855105;1,167210367;3071,230752;1929,054069;1142,176683;-0,936348648;2,233333333;-66,73967742;-10,62782067;2,129171212;1190,733244;1219,263633;0;0;961,0543275;150,0777012;325,8224431;1,618872079;1849,111719;2057,831865;-208,7201462;-1,248898359;1,846666667;-75,54792067;-8,064847423;1,765714573;1350,975174;1520,550979;0;0;937,7099867;109,0328597;288,8215914;1,9643729;2282,729812;2076,416527;206,3132853;-0,815846617;1,36;-47,39074421;-1,947207887;1,451846652;1426,567073;1436,908637;0;0;996,2840897;108,7772237;327,2322615;2,27647657;1745,513199;1746,09543;-0,582231629;-0,101484612;0,816666667;-9,585830853;4,251145817;4,202559161;10,17436432;10,00322999;#NUM!;#NUM!;9,609601796;6,910870262;8,797635056;-0,450642895;9,393548908;9,037128297;8,188982409;2,071949798;1,473999942;6,266110403;4,485752976;4,193580078;10,08145298;9,90808597;#NUM!;#NUM!;9,513412633;6,681665221;8,673310476;-1,106099172;9,237498402;9,008831201;7,649854945;2,286203587;1,297463147;6,315222651;4,541525953;4,183688821;10,11045454;9,947476129;#NUM!;#NUM!;9,511632724;6,598448015;8,65836964;-2,316647653;9,235745398;8,904976479;7,968580182;2,312560624;1,134622726;6,365460829;4,595118487;4,170332425;10,07941731;9,913836258;#NUM!;#NUM!;9,454798639;6,425539219;8,67375608;#NUM!;9,151729576;8,812913017;7,904803484;2,205816478;0,958072266;6,360035398;4,59305108;0,037373456;0,054250424;0,065142801;#NUM!;#NUM!;0,070926586;0,205580621;0,055637706;#NUM!;0,295323174;0,260569421;0,381521454;-0,111473156;0,71631424;-0,119363019;-0,113113063;0,03266141;0,051114869;0,062602786;#NUM!;#NUM!;0,073623135;0,208440545;0,057359593;#NUM!;0,198398412;0,289983063;-0,094741303;-0,119517148;0,702296375;-0,128070539;-0,082453469;0,027282132;0,056485996;0,075538204;#NUM!;#NUM!;0,071901612;0,160820601;0,05146051;#NUM!;0,25173176;0,330999375;0,074098201;-0,077678244;0,575006938;-0,078357887;-0,019477862;0,022682162;0,061685466;0,073760388;#NUM!;#NUM!;0,081233769;0,19380575;0,057588652;#NUM!;0,204674739;0,300858569;-0,000214801;-0,01111757;0,375856646;-0,016440934;0,04398302
mar.2006;67,37;25.311;21.666;0,00;0,00;13.760;796;6.216;1;14.008;8.484;5.523;8,4;4,64;526;89,6;0,00;0,00;4,06;2,29;7,21;66,85721064;26222,26984;22097,72615;0;0;14907,23278;1003,11984;6618,572926;0,637218355;12010,64848;8409,592499;3601,055979;7,940289994;4,366666667;526,4258065;88,74374754;66,25958133;23895,68026;20092,18013;0;0;13540,12303;797,6462638;5844,816482;0,330847024;10275,30171;8174,960806;2100,340903;9,837519413;3,66;552,9251563;93,83387698;65,60742143;24598,83942;20899,40835;0;0;13516,04428;733,9552175;5758,139163;0,098603586;10257,30484;7368,551888;2888,752947;10,10025453;3,11;581,4126984;98,99986502;64,73696873;23847,08604;20208,04878;0;0;12769,29371;617,4136488;5847,421539;-0,132629017;9430,737462;6720,467614;2710,269848;9,077660252;2,606666667;578,2668254;98,79540347;2,631054859;1464,277191;1457,963829;0;0;990,2515845;178,3184157;368,736147;0,990010757;4577,203536;1764,026168;2813,177368;-0,725122065;2,03;-51,8928254;-9,220670203;2,452569032;1384,670209;1393,622743;0;0;1020,694096;186,4052939;358,1855105;1,167210367;3071,230752;1929,054069;1142,176683;-0,936348648;2,233333333;-66,73967742;-10,62782067;2,129171212;1190,733244;1219,263633;0;0;961,0543275;150,0777012;325,8224431;1,618872079;1849,111719;2057,831865;-208,7201462;-1,248898359;1,846666667;-75,54792067;-8,064847423;1,765714573;1350,975174;1520,550979;0;0;937,7099867;109,0328597;288,8215914;1,9643729;2282,729812;2076,416527;206,3132853;-0,815846617;1,36;-47,39074421;-1,947207887;4,210170478;10,13900871;9,983500072;#NUM!;#NUM!;9,529488066;6,679262527;8,734907259;-0,153872022;9,547379662;9,045995516;8,61675744;2,122565467;1,533995717;6,266011987;4,495073285;4,202559161;10,17436432;10,00322999;#NUM!;#NUM!;9,609601796;6,910870262;8,797635056;-0,450642895;9,393548908;9,037128297;8,188982409;2,071949798;1,473999942;6,266110403;4,485752976;4,193580078;10,08145298;9,90808597;#NUM!;#NUM!;9,513412633;6,681665221;8,673310476;-1,106099172;9,237498402;9,008831201;7,649854945;2,286203587;1,297463147;6,315222651;4,541525953;4,183688821;10,11045454;9,947476129;#NUM!;#NUM!;9,511632724;6,598448015;8,65836964;-2,316647653;9,235745398;8,904976479;7,968580182;2,312560624;1,134622726;6,365460829;4,595118487;0,039838053;0,059591403;0,069663814;#NUM!;#NUM!;0,074689427;0,253723308;0,061151179;#NUM!;0,395650086;0,233082499;0,711953956;-0,083251011;0,575923451;-0,094023411;-0,097977795;0,037373456;0,054250424;0,065142801;#NUM!;#NUM!;0,070926586;0,205580621;0,055637706;#NUM!;0,295323174;0,260569421;0,381521454;-0,111473156;0,71631424;-0,119363019;-0,113113063;0,03266141;0,051114869;0,062602786;#NUM!;#NUM!;0,073623135;0,208440545;0,057359593;#NUM!;0,198398412;0,289983063;-0,094741303;-0,119517148;0,702296375;-0,128070539;-0,082453469;0,027282132;0,056485996;0,075538204;#NUM!;#NUM!;0,071901612;0,160820601;0,05146051;#NUM!;0,25173176;0,330999375;0,074098201;-0,077678244;0,575006938;-0,078357887;-0,019477862
jun.2006;68,11;26.228;22.339;0,00;0,00;14.550;951;6.173;1;15.999;8.872;7.127;8,9;4,96;527;91,0;0,00;0,00;3,81;2,77;6,89;67,36802359;25311,36323;21666,0126;0;0;13759,5453;795,7320646;6216,157686;0,85738174;14007,941;8484,493782;5523,447216;8,352538187;4,636666667;526,374;89,57473327;66,85721064;26222,26984;22097,72615;0;0;14907,23278;1003,11984;6618,572926;0,637218355;12010,64848;8409,592499;3601,055979;7,940289994;4,366666667;526,4258065;88,74374754;66,25958133;23895,68026;20092,18013;0;0;13540,12303;797,6462638;5844,816482;0,330847024;10275,30171;8174,960806;2100,340903;9,837519413;3,66;552,9251563;93,83387698;65,60742143;24598,83942;20899,40835;0;0;13516,04428;733,9552175;5758,139163;0,098603586;10257,30484;7368,551888;2888,752947;10,10025453;3,11;581,4126984;98,99986502;2,497980565;1628,917622;1439,304701;0;0;1034,207561;216,9237491;414,8551615;1,035042018;5741,508727;1503,112902;4238,395825;-1,168175493;1,85;-54,59515743;-8,003842557;2,631054859;1464,277191;1457,963829;0;0;990,2515845;178,3184157;368,736147;0,990010757;4577,203536;1764,026168;2813,177368;-0,725122065;2,03;-51,8928254;-9,220670203;2,452569032;1384,670209;1393,622743;0;0;1020,694096;186,4052939;358,1855105;1,167210367;3071,230752;1929,054069;1142,176683;-0,936348648;2,233333333;-66,73967742;-10,62782067;2,129171212;1190,733244;1219,263633;0;0;961,0543275;150,0777012;325,8224431;1,618872079;1849,111719;2057,831865;-208,7201462;-1,248898359;1,846666667;-75,54792067;-8,064847423;4,221056534;10,17457356;10,01407646;#NUM!;#NUM!;9,585363581;6,857386785;8,727939303;0,125438637;9,680269846;9,090617745;8,871666542;2,189649182;1,601405741;6,266854267;4,510815796;4,210170478;10,13900871;9,983500072;#NUM!;#NUM!;9,529488066;6,679262527;8,734907259;-0,153872022;9,547379662;9,045995516;8,61675744;2,122565467;1,533995717;6,266011987;4,495073285;4,202559161;10,17436432;10,00322999;#NUM!;#NUM!;9,609601796;6,910870262;8,797635056;-0,450642895;9,393548908;9,037128297;8,188982409;2,071949798;1,473999942;6,266110403;4,485752976;4,193580078;10,08145298;9,90808597;#NUM!;#NUM!;9,513412633;6,681665221;8,673310476;-1,106099172;9,237498402;9,008831201;7,649854945;2,286203587;1,297463147;6,315222651;4,541525953;0,037367713;0,064119015;0,066600335;#NUM!;#NUM!;0,073730857;0,25893877;0,069569663;2,44208629;0,444524449;0,185641267;0,90308636;-0,122911442;0,466783015;-0,098606562;-0,08430269;0,039838053;0,059591403;0,069663814;#NUM!;#NUM!;0,074689427;0,253723308;0,061151179;#NUM!;0,395650086;0,233082499;0,711953956;-0,083251011;0,575923451;-0,094023411;-0,097977795;0,037373456;0,054250424;0,065142801;#NUM!;#NUM!;0,070926586;0,205580621;0,055637706;#NUM!;0,295323174;0,260569421;0,381521454;-0,111473156;0,71631424;-0,119363019;-0,113113063;0,03266141;0,051114869;0,062602786;#NUM!;#NUM!;0,073623135;0,208440545;0,057359593;#NUM!;0,198398412;0,289983063;-0,094741303;-0,119517148;0,702296375;-0,128070539;-0,082453469
sept.2006;68,57;25.346;21.534;0,00;0,00;14.491;995;6.212;1;15.067;9.717;5.349;7,9;5,21;539;93,7;0,00;0,00;3,49;3,32;7,17;68,105402;26227,75704;22338,71305;0;0;14550,25184;950,8789666;6172,994325;1,133645603;15998,81356;8871,66479;7127,148773;8,932079034;4,96;526,817541;90,99602246;67,36802359;25311,36323;21666,0126;0;0;13759,5453;795,7320646;6216,157686;0,85738174;14007,941;8484,493782;5523,447216;8,352538187;4,636666667;526,374;89,57473327;66,85721064;26222,26984;22097,72615;0;0;14907,23278;1003,11984;6618,572926;0,637218355;12010,64848;8409,592499;3601,055979;7,940289994;4,366666667;526,4258065;88,74374754;66,25958133;23895,68026;20092,18013;0;0;13540,12303;797,6462638;5844,816482;0,330847024;10275,30171;8174,960806;2100,340903;9,837519413;3,66;552,9251563;93,83387698;2,310741931;1450,104646;1441,596134;0;0;951,3425846;196,8692971;367,3978142;0,915276246;4791,345207;1542,40641;3248,938798;-1,911823158;1,553333333;-13,65047883;-0,13200328;2,497980565;1628,917622;1439,304701;0;0;1034,207561;216,9237491;414,8551615;1,035042018;5741,508727;1503,112902;4238,395825;-1,168175493;1,85;-54,59515743;-8,003842557;2,631054859;1464,277191;1457,963829;0;0;990,2515845;178,3184157;368,736147;0,990010757;4577,203536;1764,026168;2813,177368;-0,725122065;2,03;-51,8928254;-9,220670203;2,452569032;1384,670209;1393,622743;0;0;1020,694096;186,4052939;358,1855105;1,167210367;3071,230752;1929,054069;1142,176683;-0,936348648;2,233333333;-66,73967742;-10,62782067;4,227859836;10,14036772;9,97737797;#NUM!;#NUM!;9,581315177;6,902255745;8,734272681;0,220037349;9,620238766;9,181669998;8,584717195;2,070110171;1,651219446;6,290225047;4,540118186;4,221056534;10,17457356;10,01407646;#NUM!;#NUM!;9,585363581;6,857386785;8,727939303;0,125438637;9,680269846;9,090617745;8,871666542;2,189649182;1,601405741;6,266854267;4,510815796;4,210170478;10,13900871;9,983500072;#NUM!;#NUM!;9,529488066;6,679262527;8,734907259;-0,153872022;9,547379662;9,045995516;8,61675744;2,122565467;1,533995717;6,266011987;4,495073285;4,202559161;10,17436432;10,00322999;#NUM!;#NUM!;9,609601796;6,910870262;8,797635056;-0,450642895;9,393548908;9,037128297;8,188982409;2,071949798;1,473999942;6,266110403;4,485752976;0,034279757;0,05891474;0,069292;#NUM!;#NUM!;0,067902544;0,220590524;0,060962205;1,326136521;0,382740364;0,172838797;0,93486225;-0,216093416;0,353756299;-0,024997604;-0,001407767;0,037367713;0,064119015;0,066600335;#NUM!;#NUM!;0,073730857;0,25893877;0,069569663;2,44208629;0,444524449;0,185641267;0,90308636;-0,122911442;0,466783015;-0,098606562;-0,08430269;0,039838053;0,059591403;0,069663814;#NUM!;#NUM!;0,074689427;0,253723308;0,061151179;#NUM!;0,395650086;0,233082499;0,711953956;-0,083251011;0,575923451;-0,094023411;-0,097977795;0,037373456;0,054250424;0,065142801;#NUM!;#NUM!;0,070926586;0,205580621;0,055637706;#NUM!;0,295323174;0,260569421;0,381521454;-0,111473156;0,71631424;-0,119363019;-0,113113063
dic.2006;68,36;27.905;23.667;0,00;0,00;16.014;1.213;7.061;2;14.307;9.409;4.897;6,0;5,25;529;92,4;0,00;0,00;2,25;3,81;7,10;68,57032326;25345,78491;21533,77627;0;0;14491,46561;994,5155609;6212,214296;1,246123271;15066,64692;9717,367215;5349,279701;7,925696255;5,213333333;539,2746774;93,7018737;68,105402;26227,75704;22338,71305;0;0;14550,25184;950,8789666;6172,994325;1,133645603;15998,81356;8871,66479;7127,148773;8,932079034;4,96;526,817541;90,99602246;67,36802359;25311,36323;21666,0126;0;0;13759,5453;795,7320646;6216,157686;0,85738174;14007,941;8484,493782;5523,447216;8,352538187;4,636666667;526,374;89,57473327;66,85721064;26222,26984;22097,72615;0;0;14907,23278;1003,11984;6618,572926;0,637218355;12010,64848;8409,592499;3601,055979;7,940289994;4,366666667;526,4258065;88,74374754;1,502054778;1683,15437;1569,508676;0;0;1106,616949;209,4764416;442,8870993;0,980980077;2296,109278;999,874842;1296,234436;-1,930293394;0,883333333;2,267472237;3,701359377;2,310741931;1450,104646;1441,596134;0;0;951,3425846;196,8692971;367,3978142;0,915276246;4791,345207;1542,40641;3248,938798;-1,911823158;1,553333333;-13,65047883;-0,13200328;2,497980565;1628,917622;1439,304701;0;0;1034,207561;216,9237491;414,8551615;1,035042018;5741,508727;1503,112902;4238,395825;-1,168175493;1,85;-54,59515743;-8,003842557;2,631054859;1464,277191;1457,963829;0;0;990,2515845;178,3184157;368,736147;0,990010757;4577,203536;1764,026168;2813,177368;-0,725122065;2,03;-51,8928254;-9,220670203;4,224777112;10,23657637;10,07184687;#NUM!;#NUM!;9,681209235;7,100519027;8,862407112;0,481313452;9,568487275;9,149471625;8,496437355;1,793424183;1,658228077;6,27040845;4,52661503;4,227859836;10,14036772;9,97737797;#NUM!;#NUM!;9,581315177;6,902255745;8,734272681;0,220037349;9,620238766;9,181669998;8,584717195;2,070110171;1,651219446;6,290225047;4,540118186;4,221056534;10,17457356;10,01407646;#NUM!;#NUM!;9,585363581;6,857386785;8,727939303;0,125438637;9,680269846;9,090617745;8,871666542;2,189649182;1,601405741;6,266854267;4,510815796;4,210170478;10,13900871;9,983500072;#NUM!;#NUM!;9,529488066;6,679262527;8,734907259;-0,153872022;9,547379662;9,045995516;8,61675744;2,122565467;1,533995717;6,266011987;4,495073285;0,022217952;0,062212042;0,068616881;#NUM!;#NUM!;0,071607439;0,189648765;0,064772056;0,931956347;0,174938367;0,112343328;0,307454946;-0,278525615;0,184228135;0,004298047;0,040862054;0,034279757;0,05891474;0,069292;#NUM!;#NUM!;0,067902544;0,220590524;0,060962205;1,326136521;0,382740364;0,172838797;0,93486225;-0,216093416;0,353756299;-0,024997604;-0,001407767;0,037367713;0,064119015;0,066600335;#NUM!;#NUM!;0,073730857;0,25893877;0,069569663;2,44208629;0,444524449;0,185641267;0,90308636;-0,122911442;0,466783015;-0,098606562;-0,08430269;0,039838053;0,059591403;0,069663814;#NUM!;#NUM!;0,074689427;0,253723308;0,061151179;#NUM!;0,395650086;0,233082499;0,711953956;-0,083251011;0,575923451;-0,094023411;-0,097977795
mar.2007;69,18;26.761;22.984;0,00;0,00;14.808;959;6.622;2;16.632;9.386;7.246;6,7;5,03;540;95,0;0,00;0,00;2,69;4,06;6,08;68,35926541;27905,42421;23667,23482;0;0;16013,84973;1212,596282;7061,460025;1,618198433;14306,75776;9409,467341;4897,290415;6,0099966;5,25;528,6932787;92,44510692;68,57032326;25345,78491;21533,77627;0;0;14491,46561;994,5155609;6212,214296;1,246123271;15066,64692;9717,367215;5349,279701;7,925696255;5,213333333;539,2746774;93,7018737;68,105402;26227,75704;22338,71305;0;0;14550,25184;950,8789666;6172,994325;1,133645603;15998,81356;8871,66479;7127,148773;8,932079034;4,96;526,817541;90,99602246;67,36802359;25311,36323;21666,0126;0;0;13759,5453;795,7320646;6216,157686;0,85738174;14007,941;8484,493782;5523,447216;8,352538187;4,636666667;526,374;89,57473327;1,811572188;1449,490671;1317,604354;0;0;1048,045201;163,5112302;405,990021;1,020559428;2623,965028;901,8592038;1722,105824;-1,619133366;0,393333333;13,98975;5,421207687;1,502054778;1683,15437;1569,508676;0;0;1106,616949;209,4764416;442,8870993;0,980980077;2296,109278;999,874842;1296,234436;-1,930293394;0,883333333;2,267472237;3,701359377;2,310741931;1450,104646;1441,596134;0;0;951,3425846;196,8692971;367,3978142;0,915276246;4791,345207;1542,40641;3248,938798;-1,911823158;1,553333333;-13,65047883;-0,13200328;2,497980565;1628,917622;1439,304701;0;0;1034,207561;216,9237491;414,8551615;1,035042018;5741,508727;1503,112902;4238,395825;-1,168175493;1,85;-54,59515743;-8,003842557;4,23670596;10,19469542;10,04253693;#NUM!;#NUM!;9,6028952;6,866144739;8,798175023;0,630176053;9,719078179;9,147012103;8,888143186;1,907080933;1,615419984;6,292242524;4,553834164;4,224777112;10,23657637;10,07184687;#NUM!;#NUM!;9,681209235;7,100519027;8,862407112;0,481313452;9,568487275;9,149471625;8,496437355;1,793424183;1,658228077;6,27040845;4,52661503;4,227859836;10,14036772;9,97737797;#NUM!;#NUM!;9,581315177;6,902255745;8,734272681;0,220037349;9,620238766;9,181669998;8,584717195;2,070110171;1,651219446;6,290225047;4,540118186;4,221056534;10,17457356;10,01407646;#NUM!;#NUM!;9,585363581;6,857386785;8,727939303;0,125438637;9,680269846;9,090617745;8,871666542;2,189649182;1,601405741;6,266854267;4,510815796;0,026535483;0,05568671;0,059036863;#NUM!;#NUM!;0,073407134;0,186882212;0,063267764;0,784048075;0,171698517;0,101016588;0,271385746;-0,215484534;0,081424267;0,026230537;0,058760878;0,022217952;0,062212042;0,068616881;#NUM!;#NUM!;0,071607439;0,189648765;0,064772056;0,931956347;0,174938367;0,112343328;0,307454946;-0,278525615;0,184228135;0,004298047;0,040862054;0,034279757;0,05891474;0,069292;#NUM!;#NUM!;0,067902544;0,220590524;0,060962205;1,326136521;0,382740364;0,172838797;0,93486225;-0,216093416;0,353756299;-0,024997604;-0,001407767;0,037367713;0,064119015;0,066600335;#NUM!;#NUM!;0,073730857;0,25893877;0,069569663;2,44208629;0,444524449;0,185641267;0,90308636;-0,122911442;0,466783015;-0,098606562;-0,08430269
jun.2007;70,06;27.659;23.647;0,00;0,00;15.646;1.093;6.494;2;18.551;10.603;7.948;6,9;5,00;527;94,9;0,00;0,00;2,86;3,81;5,86;69,17959578;26760,8539;22983,61696;0;0;14807,5905;959,2432947;6622,147707;1,877941168;16631,90603;9386,352986;7245,55304;6,733404821;5,03;540,36375;94,99594096;68,35926541;27905,42421;23667,23482;0;0;16013,84973;1212,596282;7061,460025;1,618198433;14306,75776;9409,467341;4897,290415;6,0099966;5,25;528,6932787;92,44510692;68,57032326;25345,78491;21533,77627;0;0;14491,46561;994,5155609;6212,214296;1,246123271;15066,64692;9717,367215;5349,279701;7,925696255;5,213333333;539,2746774;93,7018737;68,105402;26227,75704;22338,71305;0;0;14550,25184;950,8789666;6172,994325;1,133645603;15998,81356;8871,66479;7127,148773;8,932079034;4,96;526,817541;90,99602246;1,950226739;1431,161244;1308,291519;0;0;1095,613332;142,6086808;320,890598;1,077304156;2552,199961;1731,233077;820,9668843;-2,059993242;0,04;0,10923321;3,880360507;1,811572188;1449,490671;1317,604354;0;0;1048,045201;163,5112302;405,990021;1,020559428;2623,965028;901,8592038;1722,105824;-1,619133366;0,393333333;13,98975;5,421207687;1,502054778;1683,15437;1569,508676;0;0;1106,616949;209,4764416;442,8870993;0,980980077;2296,109278;999,874842;1296,234436;-1,930293394;0,883333333;2,267472237;3,701359377;2,310741931;1450,104646;1441,596134;0;0;951,3425846;196,8692971;367,3978142;0,915276246;4791,345207;1542,40641;3248,938798;-1,911823158;1,553333333;-13,65047883;-0,13200328;4,249289623;10,2277035;10,07099173;#NUM!;#NUM!;9,657961955;6,997127544;8,778616232;0,793422179;9,828279704;9,268882626;8,980690155;1,927467669;1,609437912;6,26706159;4,552574812;4,23670596;10,19469542;10,04253693;#NUM!;#NUM!;9,6028952;6,866144739;8,798175023;0,630176053;9,719078179;9,147012103;8,888143186;1,907080933;1,615419984;6,292242524;4,553834164;4,224777112;10,23657637;10,07184687;#NUM!;#NUM!;9,681209235;7,100519027;8,862407112;0,481313452;9,568487275;9,149471625;8,496437355;1,793424183;1,658228077;6,27040845;4,52661503;4,227859836;10,14036772;9,97737797;#NUM!;#NUM!;9,581315177;6,902255745;8,734272681;0,220037349;9,620238766;9,181669998;8,584717195;2,070110171;1,651219446;6,290225047;4,540118186;0,028233088;0,053129939;0,056915266;#NUM!;#NUM!;0,072598374;0,139740759;0,050676929;0,667983541;0,148009858;0,178264881;0,109023613;-0,262181513;0,008032172;0,000207324;0,041759016;0,026535483;0,05568671;0,059036863;#NUM!;#NUM!;0,073407134;0,186882212;0,063267764;0,784048075;0,171698517;0,101016588;0,271385746;-0,215484534;0,081424267;0,026230537;0,058760878;0,022217952;0,062212042;0,068616881;#NUM!;#NUM!;0,071607439;0,189648765;0,064772056;0,931956347;0,174938367;0,112343328;0,307454946;-0,278525615;0,184228135;0,004298047;0,040862054;0,034279757;0,05891474;0,069292;#NUM!;#NUM!;0,067902544;0,220590524;0,060962205;1,326136521;0,382740364;0,172838797;0,93486225;-0,216093416;0,353756299;-0,024997604;-0,001407767
sept.2007;71,85;26.453;22.541;0,00;0,00;15.431;1.115;6.464;2;16.334;11.546;4.788;7,7;5,40;520;93,3;0,00;0,00;4,79;3,49;4,68;70,05562874;27658,91828;23647,00457;0;0;15645,86517;1093,487647;6493,884923;2,21094976;18551,01352;10602,89787;7948,115657;6,872085792;5;526,9267742;94,87638297;69,17959578;26760,8539;22983,61696;0;0;14807,5905;959,2432947;6622,147707;1,877941168;16631,90603;9386,352986;7245,55304;6,733404821;5,03;540,36375;94,99594096;68,35926541;27905,42421;23667,23482;0;0;16013,84973;1212,596282;7061,460025;1,618198433;14306,75776;9409,467341;4897,290415;6,0099966;5,25;528,6932787;92,44510692;68,57032326;25345,78491;21533,77627;0;0;14491,46561;994,5155609;6212,214296;1,246123271;15066,64692;9717,367215;5349,279701;7,925696255;5,213333333;539,2746774;93,7018737;3,282448339;1107,152418;1007,357871;0;0;939,4899882;120,8271162;251,8404847;1,03281113;1267,255948;1828,730634;-561,4746863;-0,207827789;0,183333333;-19,1411181;-0,36190722;1,950226739;1431,161244;1308,291519;0;0;1095,613332;142,6086808;320,890598;1,077304156;2552,199961;1731,233077;820,9668843;-2,059993242;0,04;0,10923321;3,880360507;1,811572188;1449,490671;1317,604354;0;0;1048,045201;163,5112302;405,990021;1,020559428;2623,965028;901,8592038;1722,105824;-1,619133366;0,393333333;13,98975;5,421207687;1,502054778;1683,15437;1569,508676;0;0;1106,616949;209,4764416;442,8870993;0,980980077;2296,109278;999,874842;1296,234436;-1,930293394;0,883333333;2,267472237;3,701359377;4,274619187;10,18312248;10,0230971;#NUM!;#NUM!;9,644130875;7,01691697;8,774012075;0,823707966;9,700998157;9,35410281;8,473827342;2,04353822;1,685781479;6,254085623;4,536248381;4,249289623;10,2277035;10,07099173;#NUM!;#NUM!;9,657961955;6,997127544;8,778616232;0,793422179;9,828279704;9,268882626;8,980690155;1,927467669;1,609437912;6,26706159;4,552574812;4,23670596;10,19469542;10,04253693;#NUM!;#NUM!;9,6028952;6,866144739;8,798175023;0,630176053;9,719078179;9,147012103;8,888143186;1,907080933;1,615419984;6,292242524;4,553834164;4,224777112;10,23657637;10,07184687;#NUM!;#NUM!;9,681209235;7,100519027;8,862407112;0,481313452;9,568487275;9,149471625;8,496437355;1,793424183;1,658228077;6,27040845;4,52661503;0,046759351;0,042754764;0,045719132;#NUM!;#NUM!;0,062815698;0,114661225;0,039739394;0,603670617;0,080759391;0,172432812;-0,110889853;-0,026571951;0,034562033;-0,036139423;-0,003869804;0,028233088;0,053129939;0,056915266;#NUM!;#NUM!;0,072598374;0,139740759;0,050676929;0,667983541;0,148009858;0,178264881;0,109023613;-0,262181513;0,008032172;0,000207324;0,041759016;0,026535483;0,05568671;0,059036863;#NUM!;#NUM!;0,073407134;0,186882212;0,063267764;0,784048075;0,171698517;0,101016588;0,271385746;-0,215484534;0,081424267;0,026230537;0,058760878;0,022217952;0,062212042;0,068616881;#NUM!;#NUM!;0,071607439;0,189648765;0,064772056;0,931956347;0,174938367;0,112343328;0,307454946;-0,278525615;0,184228135;0,004298047;0,040862054
dic.2007;73,31;29.058;24.938;0,00;0,00;17.092;1.396;7.310;3;17.045;12.943;4.102;7,2;5,79;503;92,2;0,00;0,00;7,24;2,25;5,37;71,8527716;26452,93732;22541,13414;0;0;15430,9556;1115,342677;6464,054781;2,278934401;16333,90286;11546,09785;4787,805015;7,717868466;5,396666667;520,1335593;93,33996648;70,05562874;27658,91828;23647,00457;0;0;15645,86517;1093,487647;6493,884923;2,21094976;18551,01352;10602,89787;7948,115657;6,872085792;5;526,9267742;94,87638297;69,17959578;26760,8539;22983,61696;0;0;14807,5905;959,2432947;6622,147707;1,877941168;16631,90603;9386,352986;7245,55304;6,733404821;5,03;540,36375;94,99594096;68,35926541;27905,42421;23667,23482;0;0;16013,84973;1212,596282;7061,460025;1,618198433;14306,75776;9409,467341;4897,290415;6,0099966;5,25;528,6932787;92,44510692;4,946579115;1152,501372;1270,722504;0;0;1077,86447;183,4841213;248,7903775;0,954821752;2737,784314;3533,44555;-795,6612359;1,207069634;0,543333333;-26,04843998;-0,266978977;3,282448339;1107,152418;1007,357871;0;0;939,4899882;120,8271162;251,8404847;1,03281113;1267,255948;1828,730634;-561,4746863;-0,207827789;0,183333333;-19,1411181;-0,36190722;1,950226739;1431,161244;1308,291519;0;0;1095,613332;142,6086808;320,890598;1,077304156;2552,199961;1731,233077;820,9668843;-2,059993242;0,04;0,10923321;3,880360507;1,811572188;1449,490671;1317,604354;0;0;1048,045201;163,5112302;405,990021;1,020559428;2623,965028;901,8592038;1722,105824;-1,619133366;0,393333333;13,98975;5,421207687;4,29464034;10,27704655;10,12414631;#NUM!;#NUM!;9,746349075;7,241423877;8,897032807;0,945080378;9,743585318;9,46830365;8,319139534;1,976448532;1,756707831;6,219883835;4,523722878;4,274619187;10,18312248;10,0230971;#NUM!;#NUM!;9,644130875;7,01691697;8,774012075;0,823707966;9,700998157;9,35410281;8,473827342;2,04353822;1,685781479;6,254085623;4,536248381;4,249289623;10,2277035;10,07099173;#NUM!;#NUM!;9,657961955;6,997127544;8,778616232;0,793422179;9,828279704;9,268882626;8,980690155;1,927467669;1,609437912;6,26706159;4,552574812;4,23670596;10,19469542;10,04253693;#NUM!;#NUM!;9,6028952;6,866144739;8,798175023;0,630176053;9,719078179;9,147012103;8,888143186;1,907080933;1,615419984;6,292242524;4,553834164;0,069863228;0,040470186;0,052299439;#NUM!;#NUM!;0,06513984;0,14090485;0,034625695;0,463766926;0,175098043;0,318832025;-0,17729782;0,183024349;0,098479755;-0,050524616;-0,002892151;0,046759351;0,042754764;0,045719132;#NUM!;#NUM!;0,062815698;0,114661225;0,039739394;0,603670617;0,080759391;0,172432812;-0,110889853;-0,026571951;0,034562033;-0,036139423;-0,003869804;0,028233088;0,053129939;0,056915266;#NUM!;#NUM!;0,072598374;0,139740759;0,050676929;0,667983541;0,148009858;0,178264881;0,109023613;-0,262181513;0,008032172;0,000207324;0,041759016;0,026535483;0,05568671;0,059036863;#NUM!;#NUM!;0,073407134;0,186882212;0,063267764;0,784048075;0,171698517;0,101016588;0,271385746;-0,215484534;0,081424267;0,026230537;0,058760878
mar.2008;74,72;28.196;24.576;0,00;0,00;15.780;1.070;6.845;3;19.156;13.060;6.095;7,6;6,22;464;87,5;0,00;0,00;8,01;2,69;6,93;73,30584453;29057,92558;24937,95733;0;0;17091,7142;1396,080403;7310,250403;2,573020185;17044,54207;12942,91289;4101,629179;7,217066234;5,793333333;502,6448387;92,17812794;71,8527716;26452,93732;22541,13414;0;0;15430,9556;1115,342677;6464,054781;2,278934401;16333,90286;11546,09785;4787,805015;7,717868466;5,396666667;520,1335593;93,33996648;70,05562874;27658,91828;23647,00457;0;0;15645,86517;1093,487647;6493,884923;2,21094976;18551,01352;10602,89787;7948,115657;6,872085792;5;526,9267742;94,87638297;69,17959578;26760,8539;22983,61696;0;0;14807,5905;959,2432947;6622,147707;1,877941168;16631,90603;9386,352986;7245,55304;6,733404821;5,03;540,36375;94,99594096;5,54091982;1435,220324;1592,700322;0;0;972,4360799;111,1664948;222,9505806;0,812869874;2524,051694;3674,128808;-1150,077114;0,819219248;1,193333333;-76,07613095;-7,51915654;4,946579115;1152,501372;1270,722504;0;0;1077,86447;183,4841213;248,7903775;0,954821752;2737,784314;3533,44555;-795,6612359;1,207069634;0,543333333;-26,04843998;-0,266978977;3,282448339;1107,152418;1007,357871;0;0;939,4899882;120,8271162;251,8404847;1,03281113;1267,255948;1828,730634;-561,4746863;-0,207827789;0,183333333;-19,1411181;-0,36190722;1,950226739;1431,161244;1308,291519;0;0;1095,613332;142,6086808;320,890598;1,077304156;2552,199961;1731,233077;820,9668843;-2,059993242;0,04;0,10923321;3,880360507;4,313754694;10,24693804;10,10953855;#NUM!;#NUM!;9,666500279;6,975796835;8,831288097;0,989842651;9,860369054;9,477346293;8,715302124;2,021895062;1,828305669;6,140504229;4,471373437;4,29464034;10,27704655;10,12414631;#NUM!;#NUM!;9,746349075;7,241423877;8,897032807;0,945080378;9,743585318;9,46830365;8,319139534;1,976448532;1,756707831;6,219883835;4,523722878;4,274619187;10,18312248;10,0230971;#NUM!;#NUM!;9,644130875;7,01691697;8,774012075;0,823707966;9,700998157;9,35410281;8,473827342;2,04353822;1,685781479;6,254085623;4,536248381;4,249289623;10,2277035;10,07099173;#NUM!;#NUM!;9,657961955;6,997127544;8,778616232;0,793422179;9,828279704;9,268882626;8,980690155;1,927467669;1,609437912;6,26706159;4,552574812;0,077048734;0,052242612;0,067001611;#NUM!;#NUM!;0,063605079;0,109652096;0,033113073;0,359666597;0,141290875;0,33033419;-0,172841062;0,114814129;0,212885685;-0,151738295;-0,082460727;0,069863228;0,040470186;0,052299439;#NUM!;#NUM!;0,06513984;0,14090485;0,034625695;0,463766926;0,175098043;0,318832025;-0,17729782;0,183024349;0,098479755;-0,050524616;-0,002892151;0,046759351;0,042754764;0,045719132;#NUM!;#NUM!;0,062815698;0,114661225;0,039739394;0,603670617;0,080759391;0,172432812;-0,110889853;-0,026571951;0,034562033;-0,036139423;-0,003869804;0,028233088;0,053129939;0,056915266;#NUM!;#NUM!;0,072598374;0,139740759;0,050676929;0,667983541;0,148009858;0,178264881;0,109023613;-0,262181513;0,008032172;0,000207324;0,041759016
jun.2008;76,28;28.946;25.226;0,00;0,00;16.585;1.208;6.747;3;18.319;15.502;2.817;8,4;6,36;470;91,8;0,00;0,00;8,89;2,86;6,68;74,7205156;28196,07422;24576,31728;0;0;15780,02658;1070,40979;6845,098287;2,690811042;19155,95772;13060,48179;6095,475927;7,552624069;6,223333333;464,287619;87,47678442;73,30584453;29057,92558;24937,95733;0;0;17091,7142;1396,080403;7310,250403;2,573020185;17044,54207;12942,91289;4101,629179;7,217066234;5,793333333;502,6448387;92,17812794;71,8527716;26452,93732;22541,13414;0;0;15430,9556;1115,342677;6464,054781;2,278934401;16333,90286;11546,09785;4787,805015;7,717868466;5,396666667;520,1335593;93,33996648;70,05562874;27658,91828;23647,00457;0;0;15645,86517;1093,487647;6493,884923;2,21094976;18551,01352;10602,89787;7948,115657;6,872085792;5;526,9267742;94,87638297;6,225160041;1287,550848;1579,237532;0;0;939,4738994;114,6602222;253,4895564;0,540518773;-232,042376;4899,411354;-5131,45373;1,519133349;1,36;-57,25375832;-3,045093883;5,54091982;1435,220324;1592,700322;0;0;972,4360799;111,1664948;222,9505806;0,812869874;2524,051694;3674,128808;-1150,077114;0,819219248;1,193333333;-76,07613095;-7,51915654;4,946579115;1152,501372;1270,722504;0;0;1077,86447;183,4841213;248,7903775;0,954821752;2737,784314;3533,44555;-795,6612359;1,207069634;0,543333333;-26,04843998;-0,266978977;3,282448339;1107,152418;1007,357871;0;0;939,4899882;120,8271162;251,8404847;1,03281113;1267,255948;1828,730634;-561,4746863;-0,207827789;0,183333333;-19,1411181;-0,36190722;4,334421121;10,27320351;10,13564008;#NUM!;#NUM!;9,716274396;7,09684378;8,816908742;1,012134781;9,815692477;9,648744274;7,943307749;2,127185819;1,850028377;6,152036742;4,519953079;4,313754694;10,24693804;10,10953855;#NUM!;#NUM!;9,666500279;6,975796835;8,831288097;0,989842651;9,860369054;9,477346293;8,715302124;2,021895062;1,828305669;6,140504229;4,471373437;4,29464034;10,27704655;10,12414631;#NUM!;#NUM!;9,746349075;7,241423877;8,897032807;0,945080378;9,743585318;9,46830365;8,319139534;1,976448532;1,756707831;6,219883835;4,523722878;4,274619187;10,18312248;10,0230971;#NUM!;#NUM!;9,644130875;7,01691697;8,774012075;0,823707966;9,700998157;9,35410281;8,473827342;2,04353822;1,685781479;6,254085623;4,536248381;0,085131499;0,045500014;0,064648356;#NUM!;#NUM!;0,058312441;0,099716236;0,03829251;0,218712602;-0,012587227;0,379861647;-1,037382406;0,19971815;0,240590465;-0,115024849;-0,032621733;0,077048734;0,052242612;0,067001611;#NUM!;#NUM!;0,063605079;0,109652096;0,033113073;0,359666597;0,141290875;0,33033419;-0,172841062;0,114814129;0,212885685;-0,151738295;-0,082460727;0,069863228;0,040470186;0,052299439;#NUM!;#NUM!;0,06513984;0,14090485;0,034625695;0,463766926;0,175098043;0,318832025;-0,17729782;0,183024349;0,098479755;-0,050524616;-0,002892151;0,046759351;0,042754764;0,045719132;#NUM!;#NUM!;0,062815698;0,114661225;0,039739394;0,603670617;0,080759391;0,172432812;-0,110889853;-0,026571951;0,034562033;-0,036139423;-0,003869804
sept.2008;78,56;27.352;23.858;0,00;0,00;16.039;1.155;6.614;2;15.285;16.749;-1.464;7,8;7,57;516;98,8;0,00;0,00;9,34;4,79;5,84;76,28078878;28946,46913;25226,2421;0;0;16585,33907;1208,14787;6747,374479;2,751468532;18318,97115;15502,30922;2816,661927;8,391219141;6,36;469,6730159;91,83128909;74,7205156;28196,07422;24576,31728;0;0;15780,02658;1070,40979;6845,098287;2,690811042;19155,95772;13060,48179;6095,475927;7,552624069;6,223333333;464,287619;87,47678442;73,30584453;29057,92558;24937,95733;0;0;17091,7142;1396,080403;7310,250403;2,573020185;17044,54207;12942,91289;4101,629179;7,217066234;5,793333333;502,6448387;92,17812794;71,8527716;26452,93732;22541,13414;0;0;15430,9556;1115,342677;6464,054781;2,278934401;16333,90286;11546,09785;4787,805015;7,717868466;5,396666667;520,1335593;93,33996648;6,708969278;898,7397447;1316,961266;0;0;607,6926181;39,48725819;150,1729193;0,007153078;-1049,231793;5202,836388;-6252,068182;0,051296194;2,176666667;-4,218236741;5,426115073;6,225160041;1287,550848;1579,237532;0;0;939,4738994;114,6602222;253,4895564;0,540518773;-232,042376;4899,411354;-5131,45373;1,519133349;1,36;-57,25375832;-3,045093883;5,54091982;1435,220324;1592,700322;0;0;972,4360799;111,1664948;222,9505806;0,812869874;2524,051694;3674,128808;-1150,077114;0,819219248;1,193333333;-76,07613095;-7,51915654;4,946579115;1152,501372;1270,722504;0;0;1077,86447;183,4841213;248,7903775;0,954821752;2737,784314;3533,44555;-795,6612359;1,207069634;0,543333333;-26,04843998;-0,266978977;4,363884824;10,21653312;10,07987887;#NUM!;#NUM!;9,682756602;7,05170837;8,79697832;0,826841832;9,634605714;9,726089908;#NUM!;2,05016265;2,024633305;6,245942648;4,592754242;4,334421121;10,27320351;10,13564008;#NUM!;#NUM!;9,716274396;7,09684378;8,816908742;1,012134781;9,815692477;9,648744274;7,943307749;2,127185819;1,850028377;6,152036742;4,519953079;4,313754694;10,24693804;10,10953855;#NUM!;#NUM!;9,666500279;6,975796835;8,831288097;0,989842651;9,860369054;9,477346293;8,715302124;2,021895062;1,828305669;6,140504229;4,471373437;4,29464034;10,27704655;10,12414631;#NUM!;#NUM!;9,746349075;7,241423877;8,897032807;0,945080378;9,743585318;9,46830365;8,319139534;1,976448532;1,756707831;6,219883835;4,523722878;0,089265637;0,033410642;0,056781766;#NUM!;#NUM!;0,038625727;0,0347914;0,022966245;0,003133866;-0,066392443;0,371987097;#NUM!;0,00662443;0,338851826;-0,008142975;0,05650586;0,085131499;0,045500014;0,064648356;#NUM!;#NUM!;0,058312441;0,099716236;0,03829251;0,218712602;-0,012587227;0,379861647;-1,037382406;0,19971815;0,240590465;-0,115024849;-0,032621733;0,077048734;0,052242612;0,067001611;#NUM!;#NUM!;0,063605079;0,109652096;0,033113073;0,359666597;0,141290875;0,33033419;-0,172841062;0,114814129;0,212885685;-0,151738295;-0,082460727;0,069863228;0,040470186;0,052299439;#NUM!;#NUM!;0,06513984;0,14090485;0,034625695;0,463766926;0,175098043;0,318832025;-0,17729782;0,183024349;0,098479755;-0,050524616;-0,002892151
dic.2008;79,62;29.316;25.479;0,00;0,00;17.188;1.239;7.404;1;11.751;13.144;-1.393;7,5;8,25;639;106,8;0,00;0,00;8,61;7,24;2,17;78,56174088;27351,67707;23858,0954;0;0;16038,64822;1154,829935;6614,2277;2,286087479;15284,67107;16748,93424;-1464,263167;7,76916466;7,573333333;515,9153226;98,76608155;76,28078878;28946,46913;25226,2421;0;0;16585,33907;1208,14787;6747,374479;2,751468532;18318,97115;15502,30922;2816,661927;8,391219141;6,36;469,6730159;91,83128909;74,7205156;28196,07422;24576,31728;0;0;15780,02658;1070,40979;6845,098287;2,690811042;19155,95772;13060,48179;6095,475927;7,552624069;6,223333333;464,287619;87,47678442;73,30584453;29057,92558;24937,95733;0;0;17091,7142;1396,080403;7310,250403;2,573020185;17044,54207;12942,91289;4101,629179;7,217066234;5,793333333;502,6448387;92,17812794;6,309576799;258,5244357;540,5623345;0;0;96,01103043;-157,5110314;93,84548003;-1,540095324;-5293,999223;200,8111605;-5494,810384;0,259576464;2,456666667;136,4054839;14,64926729;6,708969278;898,7397447;1316,961266;0;0;607,6926181;39,48725819;150,1729193;0,007153078;-1049,231793;5202,836388;-6252,068182;0,051296194;2,176666667;-4,218236741;5,426115073;6,225160041;1287,550848;1579,237532;0;0;939,4738994;114,6602222;253,4895564;0,540518773;-232,042376;4899,411354;-5131,45373;1,519133349;1,36;-57,25375832;-3,045093883;5,54091982;1435,220324;1592,700322;0;0;972,4360799;111,1664948;222,9505806;0,812869874;2524,051694;3674,128808;-1150,077114;0,819219248;1,193333333;-76,07613095;-7,51915654;4,377207809;10,28590407;10,14559101;#NUM!;#NUM!;9,751950758;7,12171226;8,909788624;0,032394449;9,371654718;9,483699665;#NUM!;2,011783854;2,1102132;6,459983203;4,671214403;4,363884824;10,21653312;10,07987887;#NUM!;#NUM!;9,682756602;7,05170837;8,79697832;0,826841832;9,634605714;9,726089908;#NUM!;2,05016265;2,024633305;6,245942648;4,592754242;4,334421121;10,27320351;10,13564008;#NUM!;#NUM!;9,716274396;7,09684378;8,816908742;1,012134781;9,815692477;9,648744274;7,943307749;2,127185819;1,850028377;6,152036742;4,519953079;4,313754694;10,24693804;10,10953855;#NUM!;#NUM!;9,666500279;6,975796835;8,831288097;0,989842651;9,860369054;9,477346293;8,715302124;2,021895062;1,828305669;6,140504229;4,471373437;0,082567469;0,008857521;0,021444698;#NUM!;#NUM!;0,005601683;-0,119711617;0,012755817;-0,912685929;-0,3719306;0,015396015;#NUM!;0,035335323;0,353505369;0,240099369;0,147491525;0,089265637;0,033410642;0,056781766;#NUM!;#NUM!;0,038625727;0,0347914;0,022966245;0,003133866;-0,066392443;0,371987097;#NUM!;0,00662443;0,338851826;-0,008142975;0,05650586;0,085131499;0,045500014;0,064648356;#NUM!;#NUM!;0,058312441;0,099716236;0,03829251;0,218712602;-0,012587227;0,379861647;-1,037382406;0,19971815;0,240590465;-0,115024849;-0,032621733;0,077048734;0,052242612;0,067001611;#NUM!;#NUM!;0,063605079;0,109652096;0,033113073;0,359666597;0,141290875;0,33033419;-0,172841062;0,114814129;0,212885685;-0,151738295;-0,082460727
mar.2009;78,92;27.393;24.102;0,00;0,00;15.440;847;6.818;-1;11.387;8.854;2.533;9,2;5,55;607;98,7;0,00;-3,95;5,62;8,01;-1,93;79,61542133;29316,45002;25478,51966;0;0;17187,72523;1238,569372;7404,095883;1,032924861;11750,54285;13143,72405;-1393,181205;7,476642698;8,25;639,0503226;106,8273952;78,56174088;27351,67707;23858,0954;0;0;16038,64822;1154,829935;6614,2277;2,286087479;15284,67107;16748,93424;-1464,263167;7,76916466;7,573333333;515,9153226;98,76608155;76,28078878;28946,46913;25226,2421;0;0;16585,33907;1208,14787;6747,374479;2,751468532;18318,97115;15502,30922;2816,661927;8,391219141;6,36;469,6730159;91,83128909;74,7205156;28196,07422;24576,31728;0;0;15780,02658;1070,40979;6845,098287;2,690811042;19155,95772;13060,48179;6095,475927;7,552624069;6,223333333;464,287619;87,47678442;4,19993854;-802,988071;-473,8686277;0;0;-339,7331055;-223,1834786;-27,55270348;-3,558390298;-7769,441073;-4206,786403;-3562,654671;1,643353206;-0,676666667;142,8173016;11,21447544;6,309576799;258,5244357;540,5623345;0;0;96,01103043;-157,5110314;93,84548003;-1,540095324;-5293,999223;200,8111605;-5494,810384;0,259576464;2,456666667;136,4054839;14,64926729;6,708969278;898,7397447;1316,961266;0;0;607,6926181;39,48725819;150,1729193;0,007153078;-1049,231793;5202,836388;-6252,068182;0,051296194;2,176666667;-4,218236741;5,426115073;6,225160041;1287,550848;1579,237532;0;0;939,4738994;114,6602222;253,4895564;0,540518773;-232,042376;4899,411354;-5131,45373;1,519133349;1,36;-57,25375832;-3,045093883;4,368440436;10,21804593;10,09006872;#NUM!;#NUM!;9,644735831;6,74196785;8,827254801;#NUM!;9,340185184;9,088590209;7,837089081;2,218766136;1,713197147;6,408701627;4,59199639;4,377207809;10,28590407;10,14559101;#NUM!;#NUM!;9,751950758;7,12171226;8,909788624;0,032394449;9,371654718;9,483699665;#NUM!;2,011783854;2,1102132;6,459983203;4,671214403;4,363884824;10,21653312;10,07987887;#NUM!;#NUM!;9,682756602;7,05170837;8,79697832;0,826841832;9,634605714;9,726089908;#NUM!;2,05016265;2,024633305;6,245942648;4,592754242;4,334421121;10,27320351;10,13564008;#NUM!;#NUM!;9,716274396;7,09684378;8,816908742;1,012134781;9,815692477;9,648744274;7,943307749;2,127185819;1,850028377;6,152036742;4,519953079;0,054685741;-0,028892105;-0,019469828;#NUM!;#NUM!;-0,021764448;-0,233828985;-0,004033296;#NUM!;-0,52018387;-0,388756084;-0,878213042;0,196871074;-0,115108522;0,268197398;0,120622953;0,082567469;0,008857521;0,021444698;#NUM!;#NUM!;0,005601683;-0,119711617;0,012755817;-0,912685929;-0,3719306;0,015396015;#NUM!;0,035335323;0,353505369;0,240099369;0,147491525;0,089265637;0,033410642;0,056781766;#NUM!;#NUM!;0,038625727;0,0347914;0,022966245;0,003133866;-0,066392443;0,371987097;#NUM!;0,00662443;0,338851826;-0,008142975;0,05650586;0,085131499;0,045500014;0,064648356;#NUM!;#NUM!;0,058312441;0,099716236;0,03829251;0,218712602;-0,012587227;0,379861647;-1,037382406;0,19971815;0,240590465;-0,115024849;-0,032621733
jun.2009;78,65;27.985;24.369;0,00;0,00;15.883;905;6.461;-3;13.093;8.974;4.119;10,7;1,44;567;95,4;0,00;-2,08;3,11;8,89;-3,40;78,92045414;27393,08615;24102,44865;0;0;15440,29347;847,2263109;6817,545584;-0,867579256;11386,51665;8853,695391;2532,821256;9,195977275;5,546666667;607,1049206;98,69125986;79,61542133;29316,45002;25478,51966;0;0;17187,72523;1238,569372;7404,095883;1,032924861;11750,54285;13143,72405;-1393,181205;7,476642698;8,25;639,0503226;106,8273952;78,56174088;27351,67707;23858,0954;0;0;16038,64822;1154,829935;6614,2277;2,286087479;15284,67107;16748,93424;-1464,263167;7,76916466;7,573333333;515,9153226;98,76608155;76,28078878;28946,46913;25226,2421;0;0;16585,33907;1208,14787;6747,374479;2,751468532;18318,97115;15502,30922;2816,661927;8,391219141;6,36;469,6730159;91,83128909;2,373515735;-961,3673308;-857,692802;0;0;-701,9997;-302,8552089;-286,6377754;-6,037108606;-5225,865718;-6528,198421;1302,332703;2,331746629;-4,92;97,70419724;3,573973447;4,19993854;-802,988071;-473,8686277;0;0;-339,7331055;-223,1834786;-27,55270348;-3,558390298;-7769,441073;-4206,786403;-3562,654671;1,643353206;-0,676666667;142,8173016;11,21447544;6,309576799;258,5244357;540,5623345;0;0;96,01103043;-157,5110314;93,84548003;-1,540095324;-5293,999223;200,8111605;-5494,810384;0,259576464;2,456666667;136,4054839;14,64926729;6,708969278;898,7397447;1316,961266;0;0;607,6926181;39,48725819;150,1729193;0,007153078;-1049,231793;5202,836388;-6252,068182;0,051296194;2,176666667;-4,218236741;5,426115073;4,365062358;10,23942757;10,10104862;#NUM!;#NUM!;9,673026001;6,808258273;8,773498631;#NUM!;9,479841068;9,102099133;8,323364391;2,372387775;0,364643114;6,341024361;4,55813374;4,368440436;10,21804593;10,09006872;#NUM!;#NUM!;9,644735831;6,74196785;8,827254801;#NUM!;9,340185184;9,088590209;7,837089081;2,218766136;1,713197147;6,408701627;4,59199639;4,377207809;10,28590407;10,14559101;#NUM!;#NUM!;9,751950758;7,12171226;8,909788624;0,032394449;9,371654718;9,483699665;#NUM!;2,011783854;2,1102132;6,459983203;4,671214403;4,363884824;10,21653312;10,07987887;#NUM!;#NUM!;9,682756602;7,05170837;8,79697832;0,826841832;9,634605714;9,726089908;#NUM!;2,05016265;2,024633305;6,245942648;4,592754242;0,030641237;-0,033775942;-0,034591468;#NUM!;#NUM!;-0,043248395;-0,288585506;-0,043410111;#NUM!;-0,335851409;-0,546645141;0,380056642;0,245201956;-1,485385264;0,18898762;0,03818066;0,054685741;-0,028892105;-0,019469828;#NUM!;#NUM!;-0,021764448;-0,233828985;-0,004033296;#NUM!;-0,52018387;-0,388756084;-0,878213042;0,196871074;-0,115108522;0,268197398;0,120622953;0,082567469;0,008857521;0,021444698;#NUM!;#NUM!;0,005601683;-0,119711617;0,012755817;-0,912685929;-0,3719306;0,015396015;#NUM!;0,035335323;0,353505369;0,240099369;0,147491525;0,089265637;0,033410642;0,056781766;#NUM!;#NUM!;0,038625727;0,0347914;0,022966245;0,003133866;-0,066392443;0,371987097;#NUM!;0,00662443;0,338851826;-0,008142975;0,05650586
sept.2009;78,09;27.051;23.399;0,00;0,00;16.117;958;6.713;-5;13.826;10.235;3.590;10,2;0,53;545;95,6;-3,95;-0,83;-0,60;9,34;-1,93;78,65430451;27985,1018;24368,5493;0;0;15883,33937;905,2926607;6460,736704;-3,285640074;13093,10543;8974,1108;4118,99463;10,72296577;1,44;567,3772131;95,40526253;78,92045414;27393,08615;24102,44865;0;0;15440,29347;847,2263109;6817,545584;-0,867579256;11386,51665;8853,695391;2532,821256;9,195977275;5,546666667;607,1049206;98,69125986;79,61542133;29316,45002;25478,51966;0;0;17187,72523;1238,569372;7404,095883;1,032924861;11750,54285;13143,72405;-1393,181205;7,476642698;8,25;639,0503226;106,8273952;78,56174088;27351,67707;23858,0954;0;0;16038,64822;1154,829935;6614,2277;2,286087479;15284,67107;16748,93424;-1464,263167;7,76916466;7,573333333;515,9153226;98,76608155;-0,470455794;-300,3423842;-459,4891576;0;0;78,26616453;-196,3905578;98,69859895;-6,80313487;-1458,902371;-6513,590126;5054,687754;2,455976156;-7,046666667;29,46452117;-3,146027721;2,373515735;-961,3673308;-857,692802;0;0;-701,9997;-302,8552089;-286,6377754;-6,037108606;-5225,865718;-6528,198421;1302,332703;2,331746629;-4,92;97,70419724;3,573973447;4,19993854;-802,988071;-473,8686277;0;0;-339,7331055;-223,1834786;-27,55270348;-3,558390298;-7769,441073;-4206,786403;-3562,654671;1,643353206;-0,676666667;142,8173016;11,21447544;6,309576799;258,5244357;540,5623345;0;0;96,01103043;-157,5110314;93,84548003;-1,540095324;-5293,999223;200,8111605;-5494,810384;0,259576464;2,456666667;136,4054839;14,64926729;4,357878464;10,20549162;10,06043174;#NUM!;#NUM!;9,687624582;6,865306313;8,811790245;#NUM!;9,534289427;9,233602119;8,186025744;2,324849474;-0,641187442;6,301482513;4,560382566;4,365062358;10,23942757;10,10104862;#NUM!;#NUM!;9,673026001;6,808258273;8,773498631;#NUM!;9,479841068;9,102099133;8,323364391;2,372387775;0,364643114;6,341024361;4,55813374;4,368440436;10,21804593;10,09006872;#NUM!;#NUM!;9,644735831;6,74196785;8,827254801;#NUM!;9,340185184;9,088590209;7,837089081;2,218766136;1,713197147;6,408701627;4,59199639;4,377207809;10,28590407;10,14559101;#NUM!;#NUM!;9,751950758;7,12171226;8,909788624;0,032394449;9,371654718;9,483699665;#NUM!;2,011783854;2,1102132;6,459983203;4,671214403;-0,00600636;-0,0110415;-0,019447131;#NUM!;#NUM!;0,00486798;-0,186402057;0,014811925;#NUM!;-0,100316287;-0,492487789;#NUM!;0,274686823;-2,665820747;0,055539864;-0,032371676;0,030641237;-0,033775942;-0,034591468;#NUM!;#NUM!;-0,043248395;-0,288585506;-0,043410111;#NUM!;-0,335851409;-0,546645141;0,380056642;0,245201956;-1,485385264;0,18898762;0,03818066;0,054685741;-0,028892105;-0,019469828;#NUM!;#NUM!;-0,021764448;-0,233828985;-0,004033296;#NUM!;-0,52018387;-0,388756084;-0,878213042;0,196871074;-0,115108522;0,268197398;0,120622953;0,082567469;0,008857521;0,021444698;#NUM!;#NUM!;0,005601683;-0,119711617;0,012755817;-0,912685929;-0,3719306;0,015396015;#NUM!;0,035335323;0,353505369;0,240099369;0,147491525
dic.2009;78,13;29.601;25.557;0,00;0,00;17.586;1.220;7.569;-5;17.157;12.079;5.079;8,6;0,50;519;93,2;-2,08;-0,24;-1,86;8,61;0,31;78,09128508;27051,33468;23398,60624;0;0;16116,91438;958,4393775;6712,926299;-4,51704739;13825,7687;10235,34411;3590,424587;10,22514082;0,526666667;545,3798438;95,62005383;78,65430451;27985,1018;24368,5493;0;0;15883,33937;905,2926607;6460,736704;-3,285640074;13093,10543;8974,1108;4118,99463;10,72296577;1,44;567,3772131;95,40526253;78,92045414;27393,08615;24102,44865;0;0;15440,29347;847,2263109;6817,545584;-0,867579256;11386,51665;8853,695391;2532,821256;9,195977275;5,546666667;607,1049206;98,69125986;79,61542133;29316,45002;25478,51966;0;0;17187,72523;1238,569372;7404,095883;1,032924861;11750,54285;13143,72405;-1393,181205;7,476642698;8,25;639,0503226;106,8273952;-1,48394031;284,4263887;78,36036786;0;0;397,8586824;-19,02852307;165,3410158;-6,318307949;5406,737859;-1065,015876;6471,753735;1,140012108;-7,75;-120,4229032;-13,59759039;-0,470455794;-300,3423842;-459,4891576;0;0;78,26616453;-196,3905578;98,69859895;-6,80313487;-1458,902371;-6513,590126;5054,687754;2,455976156;-7,046666667;29,46452117;-3,146027721;2,373515735;-961,3673308;-857,692802;0;0;-701,9997;-302,8552089;-286,6377754;-6,037108606;-5225,865718;-6528,198421;1302,332703;2,331746629;-4,92;97,70419724;3,573973447;4,19993854;-802,988071;-473,8686277;0;0;-339,7331055;-223,1834786;-27,55270348;-3,558390298;-7769,441073;-4206,786403;-3562,654671;1,643353206;-0,676666667;142,8173016;11,21447544;4,358393062;10,29555925;10,14866184;#NUM!;#NUM!;9,774834749;7,106229713;8,931873958;#NUM!;9,750177893;9,399199527;8,532785503;2,153696936;-0,693147181;6,251185744;4,535067465;4,357878464;10,20549162;10,06043174;#NUM!;#NUM!;9,687624582;6,865306313;8,811790245;#NUM!;9,534289427;9,233602119;8,186025744;2,324849474;-0,641187442;6,301482513;4,560382566;4,365062358;10,23942757;10,10104862;#NUM!;#NUM!;9,673026001;6,808258273;8,773498631;#NUM!;9,479841068;9,102099133;8,323364391;2,372387775;0,364643114;6,341024361;4,55813374;4,368440436;10,21804593;10,09006872;#NUM!;#NUM!;9,644735831;6,74196785;8,827254801;#NUM!;9,340185184;9,088590209;7,837089081;2,218766136;1,713197147;6,408701627;4,59199639;-0,018814748;0,009655177;0,003070827;#NUM!;#NUM!;0,022883991;-0,015482547;0,022085334;#NUM!;0,378523175;-0,084500139;#NUM!;0,141913082;-2,803360381;-0,20879746;-0,136146938;-0,00600636;-0,0110415;-0,019447131;#NUM!;#NUM!;0,00486798;-0,186402057;0,014811925;#NUM!;-0,100316287;-0,492487789;#NUM!;0,274686823;-2,665820747;0,055539864;-0,032371676;0,030641237;-0,033775942;-0,034591468;#NUM!;#NUM!;-0,043248395;-0,288585506;-0,043410111;#NUM!;-0,335851409;-0,546645141;0,380056642;0,245201956;-1,485385264;0,18898762;0,03818066;0,054685741;-0,028892105;-0,019469828;#NUM!;#NUM!;-0,021764448;-0,233828985;-0,004033296;#NUM!;-0,52018387;-0,388756084;-0,878213042;0,196871074;-0,115108522;0,268197398;0,120622953
mar.2010;78,72;27.890;24.422;-3,95;-4,71;16.282;1.018;7.080;-5;15.616;11.765;3.850;9,2;0,50;519;92,4;-0,83;0,88;-0,26;5,62;1,33;78,13148102;29600,87641;25556,88003;0;0;17585,58391;1219,540849;7569,436899;-5,285383088;17157,28071;12078,70817;5078,57253;8,616654806;0,5;518,6274194;93,22980484;78,09128508;27051,33468;23398,60624;0;0;16116,91438;958,4393775;6712,926299;-4,51704739;13825,7687;10235,34411;3590,424587;10,22514082;0,526666667;545,3798438;95,62005383;78,65430451;27985,1018;24368,5493;0;0;15883,33937;905,2926607;6460,736704;-3,285640074;13093,10543;8974,1108;4118,99463;10,72296577;1,44;567,3772131;95,40526253;78,92045414;27393,08615;24102,44865;0;0;15440,29347;847,2263109;6817,545584;-0,867579256;11386,51665;8853,695391;2532,821256;9,195977275;5,546666667;607,1049206;98,69125986;-0,203062243;497,0482258;319,4394667;-3,950076534;-4,707736623;842,0710812;170,6127474;262,6245171;-4,564821793;4229,117316;2911,753046;1317,36427;0,031620788;-5,046666667;-88,10285714;-6,248402086;-1,48394031;284,4263887;78,36036786;0;0;397,8586824;-19,02852307;165,3410158;-6,318307949;5406,737859;-1065,015876;6471,753735;1,140012108;-7,75;-120,4229032;-13,59759039;-0,470455794;-300,3423842;-459,4891576;0;0;78,26616453;-196,3905578;98,69859895;-6,80313487;-1458,902371;-6513,590126;5054,687754;2,455976156;-7,046666667;29,46452117;-3,146027721;2,373515735;-961,3673308;-857,692802;0;0;-701,9997;-302,8552089;-286,6377754;-6,037108606;-5225,865718;-6528,198421;1302,332703;2,331746629;-4,92;97,70419724;3,573973447;4,365864121;10,2360283;10,10323506;#NUM!;#NUM!;9,697837872;6,925437089;8,865053212;#NUM!;9,656027869;9,372922417;8,255876615;2,222198783;-0,693147181;6,251907859;4,5265907;4,358393062;10,29555925;10,14866184;#NUM!;#NUM!;9,774834749;7,106229713;8,931873958;#NUM!;9,750177893;9,399199527;8,532785503;2,153696936;-0,693147181;6,251185744;4,535067465;4,357878464;10,20549162;10,06043174;#NUM!;#NUM!;9,687624582;6,865306313;8,811790245;#NUM!;9,534289427;9,233602119;8,186025744;2,324849474;-0,641187442;6,301482513;4,560382566;4,365062358;10,23942757;10,10104862;#NUM!;#NUM!;9,673026001;6,808258273;8,773498631;#NUM!;9,479841068;9,102099133;8,323364391;2,372387775;0,364643114;6,341024361;4,55813374;-0,002576315;0,017982368;0,013166345;#NUM!;#NUM!;0,053102041;0,183469238;0,037798411;#NUM!;0,315842684;0,284332207;0,418787533;0,003432647;-2,406344327;-0,156793768;-0,06540569;-0,018814748;0,009655177;0,003070827;#NUM!;#NUM!;0,022883991;-0,015482547;0,022085334;#NUM!;0,378523175;-0,084500139;#NUM!;0,141913082;-2,803360381;-0,20879746;-0,136146938;-0,00600636;-0,0110415;-0,019447131;#NUM!;#NUM!;0,00486798;-0,186402057;0,014811925;#NUM!;-0,100316287;-0,492487789;#NUM!;0,274686823;-2,665820747;0,055539864;-0,032371676;0,030641237;-0,033775942;-0,034591468;#NUM!;#NUM!;-0,043248395;-0,288585506;-0,043410111;#NUM!;-0,335851409;-0,546645141;0,380056642;0,245201956;-1,485385264;0,18898762;0,03818066
jun.2010;79,60;29.775;26.023;-2,08;-4,22;17.929;1.345;7.276;-4;16.399;13.028;3.371;8,7;0,58;530;93,4;-0,24;0,79;1,20;3,11;6,79;78,7173919;27890,13438;24421,88812;-3,950076534;-4,707736623;16282,36455;1017,839058;7080,170101;-5,432401049;15615,63396;11765,44844;3850,185525;9,227598064;0,5;519,0020635;92,44285777;78,13148102;29600,87641;25556,88003;0;0;17585,58391;1219,540849;7569,436899;-5,285383088;17157,28071;12078,70817;5078,57253;8,616654806;0,5;518,6274194;93,22980484;78,09128508;27051,33468;23398,60624;0;0;16116,91438;958,4393775;6712,926299;-4,51704739;13825,7687;10235,34411;3590,424587;10,22514082;0,526666667;545,3798438;95,62005383;78,65430451;27985,1018;24368,5493;0;0;15883,33937;905,2926607;6460,736704;-3,285640074;13093,10543;8974,1108;4118,99463;10,72296577;1,44;567,3772131;95,40526253;0,941045183;1789,800395;1654,159726;-2,083870145;-4,215754539;2045,381654;439,5973089;814,8031085;-0,623688618;3305,967455;4054,385344;-748,4178888;-2,06690177;-0,86;-37,25995505;-2,004879406;-0,203062243;497,0482258;319,4394667;-3,950076534;-4,707736623;842,0710812;170,6127474;262,6245171;-4,564821793;4229,117316;2911,753046;1317,36427;0,031620788;-5,046666667;-88,10285714;-6,248402086;-1,48394031;284,4263887;78,36036786;0;0;397,8586824;-19,02852307;165,3410158;-6,318307949;5406,737859;-1065,015876;6471,753735;1,140012108;-7,75;-120,4229032;-13,59759039;-0,470455794;-300,3423842;-459,4891576;0;0;78,26616453;-196,3905578;98,69859895;-6,80313487;-1458,902371;-6513,590126;5054,687754;2,455976156;-7,046666667;29,46452117;-3,146027721;4,37695567;10,30142111;10,16672486;#NUM!;#NUM!;9,794159232;7,204067482;8,89227329;#NUM!;9,704980081;9,474894249;8,122839149;2,158260116;-0,544727175;6,273098224;4,536895447;4,365864121;10,2360283;10,10323506;#NUM!;#NUM!;9,697837872;6,925437089;8,865053212;#NUM!;9,656027869;9,372922417;8,255876615;2,222198783;-0,693147181;6,251907859;4,5265907;4,358393062;10,29555925;10,14866184;#NUM!;#NUM!;9,774834749;7,106229713;8,931873958;#NUM!;9,750177893;9,399199527;8,532785503;2,153696936;-0,693147181;6,251185744;4,535067465;4,357878464;10,20549162;10,06043174;#NUM!;#NUM!;9,687624582;6,865306313;8,811790245;#NUM!;9,534289427;9,233602119;8,186025744;2,324849474;-0,641187442;6,301482513;4,560382566;0,011893312;0,06199354;0,065676243;#NUM!;#NUM!;0,121133232;0,395809208;0,118774659;#NUM!;0,225139013;0,372795115;-0,200525242;-0,214127659;-0,909370289;-0,067926138;-0,021238293;-0,002576315;0,017982368;0,013166345;#NUM!;#NUM!;0,053102041;0,183469238;0,037798411;#NUM!;0,315842684;0,284332207;0,418787533;0,003432647;-2,406344327;-0,156793768;-0,06540569;-0,018814748;0,009655177;0,003070827;#NUM!;#NUM!;0,022883991;-0,015482547;0,022085334;#NUM!;0,378523175;-0,084500139;#NUM!;0,141913082;-2,803360381;-0,20879746;-0,136146938;-0,00600636;-0,0110415;-0,019447131;#NUM!;#NUM!;0,00486798;-0,186402057;0,014811925;#NUM!;-0,100316287;-0,492487789;#NUM!;0,274686823;-2,665820747;0,055539864;-0,032371676
sept.2010;79,85;29.083;25.293;-0,83;-3,53;17.956;1.367;7.320;-3;18.469;14.710;3.758;8,1;1,75;512;91,1;0,88;0,66;2,25;-0,60;8,10;79,5953497;29774,9022;26022,70902;-2,083870145;-4,215754539;17928,72102;1344,88997;7275,539812;-3,909328691;16399,07289;13028,49614;3370,576741;8,656064001;0,58;530,1172581;93,40038313;78,7173919;27890,13438;24421,88812;-3,950076534;-4,707736623;16282,36455;1017,839058;7080,170101;-5,432401049;15615,63396;11765,44844;3850,185525;9,227598064;0,5;519,0020635;92,44285777;78,13148102;29600,87641;25556,88003;0;0;17585,58391;1219,540849;7569,436899;-5,285383088;17157,28071;12078,70817;5078,57253;8,616654806;0,5;518,6274194;93,22980484;78,09128508;27051,33468;23398,60624;0;0;16116,91438;958,4393775;6712,926299;-4,51704739;13825,7687;10235,34411;3590,424587;10,22514082;0,526666667;545,3798438;95,62005383;1,756671991;2031,403048;1894,203102;-0,83415403;-3,533470238;1839,382517;408,2166255;606,7217943;1,76685;4642,977754;4475,124389;167,8533657;-2,100572124;1,22;-33,47603423;-4,503398725;0,941045183;1789,800395;1654,159726;-2,083870145;-4,215754539;2045,381654;439,5973089;814,8031085;-0,623688618;3305,967455;4054,385344;-748,4178888;-2,06690177;-0,86;-37,25995505;-2,004879406;-0,203062243;497,0482258;319,4394667;-3,950076534;-4,707736623;842,0710812;170,6127474;262,6245171;-4,564821793;4229,117316;2911,753046;1317,36427;0,031620788;-5,046666667;-88,10285714;-6,248402086;-1,48394031;284,4263887;78,36036786;0;0;397,8586824;-19,02852307;165,3410158;-6,318307949;5406,737859;-1065,015876;6471,753735;1,140012108;-7,75;-120,4229032;-13,59759039;4,38012429;10,27790007;10,13827542;#NUM!;#NUM!;9,795696135;7,220122161;8,898317531;#NUM!;9,823835202;9,596314662;8,23171614;2,094892643;0,55770921;6,238136735;4,51214061;4,37695567;10,30142111;10,16672486;#NUM!;#NUM!;9,794159232;7,204067482;8,89227329;#NUM!;9,704980081;9,474894249;8,122839149;2,158260116;-0,544727175;6,273098224;4,536895447;4,365864121;10,2360283;10,10323506;#NUM!;#NUM!;9,697837872;6,925437089;8,865053212;#NUM!;9,656027869;9,372922417;8,255876615;2,222198783;-0,693147181;6,251907859;4,5265907;4,358393062;10,29555925;10,14866184;#NUM!;#NUM!;9,774834749;7,106229713;8,931873958;#NUM!;9,750177893;9,399199527;8,532785503;2,153696936;-0,693147181;6,251185744;4,535067465;0,022245826;0,072408448;0,077843681;#NUM!;#NUM!;0,108071552;0,354815848;0,086527286;#NUM!;0,289545775;0,362712544;0,045690396;-0,229956831;1,198896651;-0,063345778;-0,048241956;0,011893312;0,06199354;0,065676243;#NUM!;#NUM!;0,121133232;0,395809208;0,118774659;#NUM!;0,225139013;0,372795115;-0,200525242;-0,214127659;-0,909370289;-0,067926138;-0,021238293;-0,002576315;0,017982368;0,013166345;#NUM!;#NUM!;0,053102041;0,183469238;0,037798411;#NUM!;0,315842684;0,284332207;0,418787533;0,003432647;-2,406344327;-0,156793768;-0,06540569;-0,018814748;0,009655177;0,003070827;#NUM!;#NUM!;0,022883991;-0,015482547;0,022085334;#NUM!;0,378523175;-0,084500139;#NUM!;0,141913082;-2,803360381;-0,20879746;-0,136146938
dic.2010;80,06;31.830;27.854;-0,24;-2,51;19.815;1.753;8.344;-1;20.625;15.712;4.913;7,2;2,88;480;88,5;0,79;0,72;2,47;-1,86;8,99;79,84795708;29082,73773;25292,80935;-0,83415403;-3,533470238;17956,2969;1366,656003;7319,648093;-2,75019739;18468,74645;14710,4685;3758,277953;8,124568692;1,746666667;511,9038095;91,1166551;79,5953497;29774,9022;26022,70902;-2,083870145;-4,215754539;17928,72102;1344,88997;7275,539812;-3,909328691;16399,07289;13028,49614;3370,576741;8,656064001;0,58;530,1172581;93,40038313;78,7173919;27890,13438;24421,88812;-3,950076534;-4,707736623;16282,36455;1017,839058;7080,170101;-5,432401049;15615,63396;11765,44844;3850,185525;9,227598064;0,5;519,0020635;92,44285777;78,13148102;29600,87641;25556,88003;0;0;17585,58391;1219,540849;7569,436899;-5,285383088;17157,28071;12078,70817;5078,57253;8,616654806;0,5;518,6274194;93,22980484;1,930633675;2229,003476;2297,407353;-0,239137647;-2,511771838;2229,109389;533,6262048;774,7033794;4,169676504;3467,794869;3632,904495;-165,1096256;-1,406525917;2,376666667;-38,30774194;-4,7672298;1,756671991;2031,403048;1894,203102;-0,83415403;-3,533470238;1839,382517;408,2166255;606,7217943;1,76685;4642,977754;4475,124389;167,8533657;-2,100572124;1,22;-33,47603423;-4,503398725;0,941045183;1789,800395;1654,159726;-2,083870145;-4,215754539;2045,381654;439,5973089;814,8031085;-0,623688618;3305,967455;4054,385344;-748,4178888;-2,06690177;-0,86;-37,25995505;-2,004879406;-0,203062243;497,0482258;319,4394667;-3,950076534;-4,707736623;842,0710812;170,6127474;262,6245171;-4,564821793;4229,117316;2911,753046;1317,36427;0,031620788;-5,046666667;-88,10285714;-6,248402086;4,382802767;10,36816075;10,23474218;#NUM!;#NUM!;9,894179027;7,469179176;9,029314808;#NUM!;9,934262875;9,662155378;8,499734248;1,975486828;1,056632216;6,174451877;4,482579582;4,38012429;10,27790007;10,13827542;#NUM!;#NUM!;9,795696135;7,220122161;8,898317531;#NUM!;9,823835202;9,596314662;8,23171614;2,094892643;0,55770921;6,238136735;4,51214061;4,37695567;10,30142111;10,16672486;#NUM!;#NUM!;9,794159232;7,204067482;8,89227329;#NUM!;9,704980081;9,474894249;8,122839149;2,158260116;-0,544727175;6,273098224;4,536895447;4,365864121;10,2360283;10,10323506;#NUM!;#NUM!;9,697837872;6,925437089;8,865053212;#NUM!;9,656027869;9,372922417;8,255876615;2,222198783;-0,693147181;6,251907859;4,5265907;0,024409705;0,072601498;0,086080343;#NUM!;#NUM!;0,119344278;0,362949463;0,097440851;#NUM!;0,184084982;0,262955852;-0,033051255;-0,178210108;1,749779397;-0,076733867;-0,052487883;0,022245826;0,072408448;0,077843681;#NUM!;#NUM!;0,108071552;0,354815848;0,086527286;#NUM!;0,289545775;0,362712544;0,045690396;-0,229956831;1,198896651;-0,063345778;-0,048241956;0,011893312;0,06199354;0,065676243;#NUM!;#NUM!;0,121133232;0,395809208;0,118774659;#NUM!;0,225139013;0,372795115;-0,200525242;-0,214127659;-0,909370289;-0,067926138;-0,021238293;-0,002576315;0,017982368;0,013166345;#NUM!;#NUM!;0,053102041;0,183469238;0,037798411;#NUM!;0,315842684;0,284332207;0,418787533;0,003432647;-2,406344327;-0,156793768;-0,06540569
mar.2011;81,01;30.472;27.248;0,88;-1,04;18.277;1.417;7.828;0;20.213;16.006;4.207;7,5;3,44;482;90,9;0,66;1,41;2,92;-0,26;11,57;80,06211469;31829,87988;27854,28738;-0,239137647;-2,511771838;19814,6933;1753,167053;8344,140278;-1,115706584;20625,07557;15711,61267;4913,462904;7,210128889;2,876666667;480,3196774;88,46257504;79,84795708;29082,73773;25292,80935;-0,83415403;-3,533470238;17956,2969;1366,656003;7319,648093;-2,75019739;18468,74645;14710,4685;3758,277953;8,124568692;1,746666667;511,9038095;91,1166551;79,5953497;29774,9022;26022,70902;-2,083870145;-4,215754539;17928,72102;1344,88997;7275,539812;-3,909328691;16399,07289;13028,49614;3370,576741;8,656064001;0,58;530,1172581;93,40038313;78,7173919;27890,13438;24421,88812;-3,950076534;-4,707736623;16282,36455;1017,839058;7080,170101;-5,432401049;15615,63396;11765,44844;3850,185525;9,227598064;0,5;519,0020635;92,44285777;2,296407896;2581,398092;2826,356273;4,832973033;3,666237942;1994,581404;399,0327679;748,2976458;5,567756853;4597,405757;4240,42999;356,9757667;-1,679481506;2,936666667;-37,37581349;-1,502304631;1,930633675;2229,003476;2297,407353;-0,239137647;-2,511771838;2229,109389;533,6262048;774,7033794;4,169676504;3467,794869;3632,904495;-165,1096256;-1,406525917;2,376666667;-38,30774194;-4,7672298;1,756671991;2031,403048;1894,203102;-0,83415403;-3,533470238;1839,382517;408,2166255;606,7217943;1,76685;4642,977754;4475,124389;167,8533657;-2,100572124;1,22;-33,47603423;-4,503398725;0,941045183;1789,800395;1654,159726;-2,083870145;-4,215754539;2045,381654;439,5973089;814,8031085;-0,623688618;3305,967455;4054,385344;-748,4178888;-2,06690177;-0,86;-37,25995505;-2,004879406;4,394619508;10,32454817;10,21274437;-0,124547301;#NUM!;9,813395761;7,256206781;8,96552208;-1,999848381;9,914083206;9,680711335;8,344543422;2,02129807;1,234502009;6,177168398;4,510206031;4,382802767;10,36816075;10,23474218;#NUM!;#NUM!;9,894179027;7,469179176;9,029314808;#NUM!;9,934262875;9,662155378;8,499734248;1,975486828;1,056632216;6,174451877;4,482579582;4,38012429;10,27790007;10,13827542;#NUM!;#NUM!;9,795696135;7,220122161;8,898317531;#NUM!;9,823835202;9,596314662;8,23171614;2,094892643;0,55770921;6,238136735;4,51214061;4,37695567;10,30142111;10,16672486;#NUM!;#NUM!;9,794159232;7,204067482;8,89227329;#NUM!;9,704980081;9,474894249;8,122839149;2,158260116;-0,544727175;6,273098224;4,536895447;0,028755387;0,088519866;0,109509309;#NUM!;#NUM!;0,115557889;0,330769693;0,100468868;#NUM!;0,258055337;0,307788919;0,088666807;-0,200900714;1,92764919;-0,074739461;-0,016384669;0,024409705;0,072601498;0,086080343;#NUM!;#NUM!;0,119344278;0,362949463;0,097440851;#NUM!;0,184084982;0,262955852;-0,033051255;-0,178210108;1,749779397;-0,076733867;-0,052487883;0,022245826;0,072408448;0,077843681;#NUM!;#NUM!;0,108071552;0,354815848;0,086527286;#NUM!;0,289545775;0,362712544;0,045690396;-0,229956831;1,198896651;-0,063345778;-0,048241956;0,011893312;0,06199354;0,065676243;#NUM!;#NUM!;0,121133232;0,395809208;0,118774659;#NUM!;0,225139013;0,372795115;-0,200525242;-0,214127659;-0,909370289;-0,067926138;-0,021238293
jun.2011;82,22;31.680;28.226;0,79;-0,19;19.367;1.541;7.813;1;21.371;17.469;3.902;7,2;4,74;469;90,9;0,72;1,75;3,30;1,20;8,47;81,01379979;30471,53247;27248,24439;0,882896499;-1,041498681;18276,94596;1416,871826;7828,467747;0,135355804;20213,03972;16005,87843;4207,161292;7,548116558;3,436666667;481,62625;90,94055314;80,06211469;31829,87988;27854,28738;-0,239137647;-2,511771838;19814,6933;1753,167053;8344,140278;-1,115706584;20625,07557;15711,61267;4913,462904;7,210128889;2,876666667;480,3196774;88,46257504;79,84795708;29082,73773;25292,80935;-0,83415403;-3,533470238;17956,2969;1366,656003;7319,648093;-2,75019739;18468,74645;14710,4685;3758,277953;8,124568692;1,746666667;511,9038095;91,1166551;79,5953497;29774,9022;26022,70902;-2,083870145;-4,215754539;17928,72102;1344,88997;7275,539812;-3,909328691;16399,07289;13028,49614;3370,576741;8,656064001;0,58;530,1172581;93,40038313;2,629543177;1904,679806;2203,731682;2,87362052;4,02477319;1437,877133;196,3641858;537,4797693;4,50718885;4971,64058;4440,106981;531,5335985;-1,443808604;4,163333333;-60,68741679;-2,457968492;2,296407896;2581,398092;2826,356273;4,832973033;3,666237942;1994,581404;399,0327679;748,2976458;5,567756853;4597,405757;4240,42999;356,9757667;-1,679481506;2,936666667;-37,37581349;-1,502304631;1,930633675;2229,003476;2297,407353;-0,239137647;-2,511771838;2229,109389;533,6262048;774,7033794;4,169676504;3467,794869;3632,904495;-165,1096256;-1,406525917;2,376666667;-38,30774194;-4,7672298;1,756671991;2031,403048;1894,203102;-0,83415403;-3,533470238;1839,382517;408,2166255;606,7217943;1,76685;4642,977754;4475,124389;167,8533657;-2,100572124;1,22;-33,47603423;-4,503398725;4,409458089;10,36342765;10,24801443;-0,236038365;#NUM!;9,871305117;7,340351751;8,963546798;-0,5143984;9,969776734;9,768160441;8,269272799;1,975781718;1,556740123;6,151518855;4,5102265;4,394619508;10,32454817;10,21274437;-0,124547301;#NUM!;9,813395761;7,256206781;8,96552208;-1,999848381;9,914083206;9,680711335;8,344543422;2,02129807;1,234502009;6,177168398;4,510206031;4,382802767;10,36816075;10,23474218;#NUM!;#NUM!;9,894179027;7,469179176;9,029314808;#NUM!;9,934262875;9,662155378;8,499734248;1,975486828;1,056632216;6,174451877;4,482579582;4,38012429;10,27790007;10,13827542;#NUM!;#NUM!;9,795696135;7,220122161;8,898317531;#NUM!;9,823835202;9,596314662;8,23171614;2,094892643;0,55770921;6,238136735;4,51214061;0,032502419;0,062006542;0,081289572;#NUM!;#NUM!;0,077145884;0,136284269;0,071273508;#NUM!;0,264796653;0,293266193;0,14643365;-0,182478398;2,101467299;-0,121579369;-0,026668947;0,028755387;0,088519866;0,109509309;#NUM!;#NUM!;0,115557889;0,330769693;0,100468868;#NUM!;0,258055337;0,307788919;0,088666807;-0,200900714;1,92764919;-0,074739461;-0,016384669;0,024409705;0,072601498;0,086080343;#NUM!;#NUM!;0,119344278;0,362949463;0,097440851;#NUM!;0,184084982;0,262955852;-0,033051255;-0,178210108;1,749779397;-0,076733867;-0,052487883;0,022245826;0,072408448;0,077843681;#NUM!;#NUM!;0,108071552;0,354815848;0,086527286;#NUM!;0,289545775;0,362712544;0,045690396;-0,229956831;1,198896651;-0,063345778;-0,048241956
sept.2011;82,34;30.310;27.038;0,66;0,22;19.258;1.586;7.852;1;19.275;18.929;346;7,6;5,25;471;91,1;1,41;1,50;3,12;2,25;6,90;82,22489287;31679,582;28226,4407;0,789750375;-0,190981349;19366,59816;1541,254155;7813,019581;0,597860159;21370,71346;17468,60313;3902,11034;7,212255397;4,743333333;469,4298413;90,94241464;81,01379979;30471,53247;27248,24439;0,882896499;-1,041498681;18276,94596;1416,871826;7828,467747;0,135355804;20213,03972;16005,87843;4207,161292;7,548116558;3,436666667;481,62625;90,94055314;80,06211469;31829,87988;27854,28738;-0,239137647;-2,511771838;19814,6933;1753,167053;8344,140278;-1,115706584;20625,07557;15711,61267;4913,462904;7,210128889;2,876666667;480,3196774;88,46257504;79,84795708;29082,73773;25292,80935;-0,83415403;-3,533470238;17956,2969;1366,656003;7319,648093;-2,75019739;18468,74645;14710,4685;3758,277953;8,124568692;1,746666667;511,9038095;91,1166551;2,488363346;1227,681192;1744,70364;1,489217354;3,750251401;1301,504762;219,007681;532,4119799;3,616860381;806,5743107;4218,982002;-3412,407691;-0,498187517;3,503333333;-40,83130952;0,019848321;2,629543177;1904,679806;2203,731682;2,87362052;4,02477319;1437,877133;196,3641858;537,4797693;4,50718885;4971,64058;4440,106981;531,5335985;-1,443808604;4,163333333;-60,68741679;-2,457968492;2,296407896;2581,398092;2826,356273;4,832973033;3,666237942;1994,581404;399,0327679;748,2976458;5,567756853;4597,405757;4240,42999;356,9757667;-1,679481506;2,936666667;-37,37581349;-1,502304631;1,930633675;2229,003476;2297,407353;-0,239137647;-2,511771838;2229,109389;533,6262048;774,7033794;4,169676504;3467,794869;3632,904495;-165,1096256;-1,406525917;2,376666667;-38,30774194;-4,7672298;4,410812328;10,31924679;10,20498055;-0,423023371;-1,528866898;9,865671539;7,368758327;8,968531206;-0,143105085;9,86658084;9,848474216;5,846063739;2,031613444;1,658228077;6,15501201;4,51235842;4,409458089;10,36342765;10,24801443;-0,236038365;#NUM!;9,871305117;7,340351751;8,963546798;-0,5143984;9,969776734;9,768160441;8,269272799;1,975781718;1,556740123;6,151518855;4,5102265;4,394619508;10,32454817;10,21274437;-0,124547301;#NUM!;9,813395761;7,256206781;8,96552208;-1,999848381;9,914083206;9,680711335;8,344543422;2,02129807;1,234502009;6,177168398;4,510206031;4,382802767;10,36816075;10,23474218;#NUM!;#NUM!;9,894179027;7,469179176;9,029314808;#NUM!;9,934262875;9,662155378;8,499734248;1,975486828;1,056632216;6,174451877;4,482579582;0,030688038;0,041346719;0,066705132;#NUM!;#NUM!;0,069975404;0,148636165;0,070213675;#NUM!;0,042745638;0,252159554;-2,385652401;-0,063279199;1,100518867;-0,083124725;0,00021781;0,032502419;0,062006542;0,081289572;#NUM!;#NUM!;0,077145884;0,136284269;0,071273508;#NUM!;0,264796653;0,293266193;0,14643365;-0,182478398;2,101467299;-0,121579369;-0,026668947;0,028755387;0,088519866;0,109509309;#NUM!;#NUM!;0,115557889;0,330769693;0,100468868;#NUM!;0,258055337;0,307788919;0,088666807;-0,200900714;1,92764919;-0,074739461;-0,016384669;0,024409705;0,072601498;0,086080343;#NUM!;#NUM!;0,119344278;0,362949463;0,097440851;#NUM!;0,184084982;0,262955852;-0,033051255;-0,178210108;1,749779397;-0,076733867;-0,052487883
dic.2011;83,27;33.362;29.553;0,72;0,57;20.983;1.940;8.868;1;20.579;18.262;2.317;6,8;5,25;512;95,3;1,75;1,03;4,01;2,47;6,10;82,33632042;30310,41892;27037,51299;0,655063324;0,216781163;19257,80166;1585,663684;7852,060073;0,866662991;19275,32076;18929,4505;345,8702618;7,626381176;5,25;471,0725;91,13650342;82,22489287;31679,582;28226,4407;0,789750375;-0,190981349;19366,59816;1541,254155;7813,019581;0,597860159;21370,71346;17468,60313;3902,11034;7,212255397;4,743333333;469,4298413;90,94241464;81,01379979;30471,53247;27248,24439;0,882896499;-1,041498681;18276,94596;1416,871826;7828,467747;0,135355804;20213,03972;16005,87843;4207,161292;7,548116558;3,436666667;481,62625;90,94055314;80,06211469;31829,87988;27854,28738;-0,239137647;-2,511771838;19814,6933;1753,167053;8344,140278;-1,115706584;20625,07557;15711,61267;4913,462904;7,210128889;2,876666667;480,3196774;88,46257504;3,212162001;1532,425107;1698,305646;0,954686229;3,086304688;1168,624516;187,1771511;524,2930352;2,078214978;-46,30566852;2549,986551;-2596,292219;-0,395519222;2,373333333;32,15474881;6,861886727;2,488363346;1227,681192;1744,70364;1,489217354;3,750251401;1301,504762;219,007681;532,4119799;3,616860381;806,5743107;4218,982002;-3412,407691;-0,498187517;3,503333333;-40,83130952;0,019848321;2,629543177;1904,679806;2203,731682;2,87362052;4,02477319;1437,877133;196,3641858;537,4797693;4,50718885;4971,64058;4440,106981;531,5335985;-1,443808604;4,163333333;-60,68741679;-2,457968492;2,296407896;2581,398092;2826,356273;4,832973033;3,666237942;1994,581404;399,0327679;748,2976458;5,567756853;4597,405757;4240,42999;356,9757667;-1,679481506;2,936666667;-37,37581349;-1,502304631;4,422139698;10,41518195;10,29392677;-0,334705783;-0,554198003;9,951483011;7,570620661;9,090253432;-0,038212491;9,932015236;9,812555731;7,748102188;1,919068788;1,658228077;6,23925081;4,557286459;4,410812328;10,31924679;10,20498055;-0,423023371;-1,528866898;9,865671539;7,368758327;8,968531206;-0,143105085;9,86658084;9,848474216;5,846063739;2,031613444;1,658228077;6,15501201;4,51235842;4,409458089;10,36342765;10,24801443;-0,236038365;#NUM!;9,871305117;7,340351751;8,963546798;-0,5143984;9,969776734;9,768160441;8,269272799;1,975781718;1,556740123;6,151518855;4,5102265;4,394619508;10,32454817;10,21274437;-0,124547301;#NUM!;9,813395761;7,256206781;8,96552208;-1,999848381;9,914083206;9,680711335;8,344543422;2,02129807;1,234502009;6,177168398;4,510206031;0,039336931;0,047021202;0,05918459;#NUM!;#NUM!;0,057303984;0,101441485;0,060938624;#NUM!;-0,002247639;0,150400352;-0,75163206;-0,05641804;0,60159586;0,064798933;0,074706878;0,030688038;0,041346719;0,066705132;#NUM!;#NUM!;0,069975404;0,148636165;0,070213675;#NUM!;0,042745638;0,252159554;-2,385652401;-0,063279199;1,100518867;-0,083124725;0,00021781;0,032502419;0,062006542;0,081289572;#NUM!;#NUM!;0,077145884;0,136284269;0,071273508;#NUM!;0,264796653;0,293266193;0,14643365;-0,182478398;2,101467299;-0,121579369;-0,026668947;0,028755387;0,088519866;0,109509309;#NUM!;#NUM!;0,115557889;0,330769693;0,100468868;#NUM!;0,258055337;0,307788919;0,088666807;-0,200900714;1,92764919;-0,074739461;-0,016384669
mar.2012;84,37;32.030;28.681;1,41;0,70;19.310;1.595;8.129;1;19.864;17.184;2.681;6,8;5,03;490;91,2;1,50;1,10;4,15;2,92;5,26;83,27427669;33362,30499;29552,59303;0,715548582;0,57453285;20983,31781;1940,344204;8868,433313;0,962508395;20578,76991;18261,59922;2317,170685;6,814609667;5,25;512,4744262;95,32446177;82,33632042;30310,41892;27037,51299;0,655063324;0,216781163;19257,80166;1585,663684;7852,060073;0,866662991;19275,32076;18929,4505;345,8702618;7,626381176;5,25;471,0725;91,13650342;82,22489287;31679,582;28226,4407;0,789750375;-0,190981349;19366,59816;1541,254155;7813,019581;0,597860159;21370,71346;17468,60313;3902,11034;7,212255397;4,743333333;469,4298413;90,94241464;81,01379979;30471,53247;27248,24439;0,882896499;-1,041498681;18276,94596;1416,871826;7828,467747;0,135355804;20213,03972;16005,87843;4207,161292;7,548116558;3,436666667;481,62625;90,94055314;3,361055568;1558,538988;1432,857164;0,522438777;1,738020253;1033,261542;177,839816;300,6622779;0,761450734;-348,7396165;1177,750629;-1526,490245;-0,750813662;1,596666667;7,903442308;0,302621883;3,212162001;1532,425107;1698,305646;0,954686229;3,086304688;1168,624516;187,1771511;524,2930352;2,078214978;-46,30566852;2549,986551;-2596,292219;-0,395519222;2,373333333;32,15474881;6,861886727;2,488363346;1227,681192;1744,70364;1,489217354;3,750251401;1301,504762;219,007681;532,4119799;3,616860381;806,5743107;4218,982002;-3412,407691;-0,498187517;3,503333333;-40,83130952;0,019848321;2,629543177;1904,679806;2203,731682;2,87362052;4,02477319;1437,877133;196,3641858;537,4797693;4,50718885;4971,64058;4440,106981;531,5335985;-1,443808604;4,163333333;-60,68741679;-2,457968492;4,435269435;10,37443047;10,2639937;0,340275905;-0,361656515;9,868389121;7,37444821;9,003209189;-0,108915116;9,896679435;9,751712411;7,893822433;1,916525901;1,616082455;6,193445119;4,513528195;4,422139698;10,41518195;10,29392677;-0,334705783;-0,554198003;9,951483011;7,570620661;9,090253432;-0,038212491;9,932015236;9,812555731;7,748102188;1,919068788;1,658228077;6,23925081;4,557286459;4,410812328;10,31924679;10,20498055;-0,423023371;-1,528866898;9,865671539;7,368758327;8,968531206;-0,143105085;9,86658084;9,848474216;5,846063739;2,031613444;1,658228077;6,15501201;4,51235842;4,409458089;10,36342765;10,24801443;-0,236038365;#NUM!;9,871305117;7,340351751;8,963546798;-0,5143984;9,969776734;9,768160441;8,269272799;1,975781718;1,556740123;6,151518855;4,5102265;0,040649927;0,049882308;0,05124933;0,464823205;#NUM!;0,05499336;0,118241429;0,037687109;1,890933265;-0,017403771;0,071001075;-0,450720989;-0,104772169;0,381580446;0,01627672;0,003322165;0,039336931;0,047021202;0,05918459;#NUM!;#NUM!;0,057303984;0,101441485;0,060938624;#NUM!;-0,002247639;0,150400352;-0,75163206;-0,05641804;0,60159586;0,064798933;0,074706878;0,030688038;0,041346719;0,066705132;#NUM!;#NUM!;0,069975404;0,148636165;0,070213675;#NUM!;0,042745638;0,252159554;-2,385652401;-0,063279199;1,100518867;-0,083124725;0,00021781;0,032502419;0,062006542;0,081289572;#NUM!;#NUM!;0,077145884;0,136284269;0,071273508;#NUM!;0,264796653;0,293266193;0,14643365;-0,182478398;2,101467299;-0,121579369;-0,026668947
jun.2012;84,77;33.423;29.909;1,75;1,05;20.516;1.713;8.271;1;19.751;18.055;1.696;6,8;5,00;496;91,2;1,03;1,92;3,10;3,30;5,96;84,37485536;32030,07146;28681,10156;1,405335276;0,696521571;19310,2075;1594,711642;8129,130025;0,896806539;19864,3001;17183,62906;2680,671047;6,797302896;5,033333333;489,5296923;91,24317502;83,27427669;33362,30499;29552,59303;0,715548582;0,57453285;20983,31781;1940,344204;8868,433313;0,962508395;20578,76991;18261,59922;2317,170685;6,814609667;5,25;512,4744262;95,32446177;82,33632042;30310,41892;27037,51299;0,655063324;0,216781163;19257,80166;1585,663684;7852,060073;0,866662991;19275,32076;18929,4505;345,8702618;7,626381176;5,25;471,0725;91,13650342;82,22489287;31679,582;28226,4407;0,789750375;-0,190981349;19366,59816;1541,254155;7813,019581;0,597860159;21370,71346;17468,60313;3902,11034;7,212255397;4,743333333;469,4298413;90,94241464;2,546854988;1743,37406;1682,646634;0,964284812;1,240178645;1149,245848;172,1137502;458,189423;0,401959209;-1620,020239;586,5071554;-2206,527394;-0,430963203;0,256666667;26,97435228;0,297320376;3,361055568;1558,538988;1432,857164;0,522438777;1,738020253;1033,261542;177,839816;300,6622779;0,761450734;-348,7396165;1177,750629;-1526,490245;-0,750813662;1,596666667;7,903442308;0,302621883;3,212162001;1532,425107;1698,305646;0,954686229;3,086304688;1168,624516;187,1771511;524,2930352;2,078214978;-46,30566852;2549,986551;-2596,292219;-0,395519222;2,373333333;32,15474881;6,861886727;2,488363346;1227,681192;1744,70364;1,489217354;3,750251401;1301,504762;219,007681;532,4119799;3,616860381;806,5743107;4218,982002;-3412,407691;-0,498187517;3,503333333;-40,83130952;0,019848321;4,439962325;10,41699825;10,30591764;0,561918954;0,048025392;9,928952745;7,446216248;9,020535969;-0,000180649;9,89094387;9,801184042;7,435781881;1,914167673;1,609437912;6,207390501;4,513490493;4,435269435;10,37443047;10,2639937;0,340275905;-0,361656515;9,868389121;7,37444821;9,003209189;-0,108915116;9,896679435;9,751712411;7,893822433;1,916525901;1,616082455;6,193445119;4,513528195;4,422139698;10,41518195;10,29392677;-0,334705783;-0,554198003;9,951483011;7,570620661;9,090253432;-0,038212491;9,932015236;9,812555731;7,748102188;1,919068788;1,658228077;6,23925081;4,557286459;4,410812328;10,31924679;10,20498055;-0,423023371;-1,528866898;9,865671539;7,368758327;8,968531206;-0,143105085;9,86658084;9,848474216;5,846063739;2,031613444;1,658228077;6,15501201;4,51235842;0,030504236;0,053570599;0,057903206;0,797957319;#NUM!;0,057647628;0,105864497;0,056989171;0,514217752;-0,078832864;0,0330236;-0,833490917;-0,061614045;0,052697789;0,055871647;0,003263993;0,040649927;0,049882308;0,05124933;0,464823205;#NUM!;0,05499336;0,118241429;0,037687109;1,890933265;-0,017403771;0,071001075;-0,450720989;-0,104772169;0,381580446;0,01627672;0,003322165;0,039336931;0,047021202;0,05918459;#NUM!;#NUM!;0,057303984;0,101441485;0,060938624;#NUM!;-0,002247639;0,150400352;-0,75163206;-0,05641804;0,60159586;0,064798933;0,074706878;0,030688038;0,041346719;0,066705132;#NUM!;#NUM!;0,069975404;0,148636165;0,070213675;#NUM!;0,042745638;0,252159554;-2,385652401;-0,063279199;1,100518867;-0,083124725;0,00021781
sept.2012;84,51;32.012;28.518;1,50;1,24;20.428;1.778;8.338;1;17.406;19.475;-2.069;6,6;5,00;483;88,6;1,10;1,33;2,64;3,12;5,47;84,77174786;33422,95606;29909,08734;1,754035186;1,049197296;20515,844;1713,367906;8271,209004;0,999819368;19750,69323;18055,11028;1695,582946;6,781292194;5;496,4041935;91,23973501;84,37485536;32030,07146;28681,10156;1,405335276;0,696521571;19310,2075;1594,711642;8129,130025;0,896806539;19864,3001;17183,62906;2680,671047;6,797302896;5,033333333;489,5296923;91,24317502;83,27427669;33362,30499;29552,59303;0,715548582;0,57453285;20983,31781;1940,344204;8868,433313;0,962508395;20578,76991;18261,59922;2317,170685;6,814609667;5,25;512,4744262;95,32446177;82,33632042;30310,41892;27037,51299;0,655063324;0,216781163;19257,80166;1585,663684;7852,060073;0,866662991;19275,32076;18929,4505;345,8702618;7,626381176;5,25;471,0725;91,13650342;2,174023623;1701,865885;1480,273882;0,846434707;1,021868777;1169,988136;192,4606212;486,0172084;0,285750142;-1868,951196;545,4799572;-2414,431153;-1,050085781;-0,25;11,89495763;-2,499502385;2,546854988;1743,37406;1682,646634;0,964284812;1,240178645;1149,245848;172,1137502;458,189423;0,401959209;-1620,020239;586,5071554;-2206,527394;-0,430963203;0,256666667;26,97435228;0,297320376;3,361055568;1558,538988;1432,857164;0,522438777;1,738020253;1033,261542;177,839816;300,6622779;0,761450734;-348,7396165;1177,750629;-1526,490245;-0,750813662;1,596666667;7,903442308;0,302621883;3,212162001;1532,425107;1698,305646;0,954686229;3,086304688;1168,624516;187,1771511;524,2930352;2,078214978;-46,30566852;2549,986551;-2596,292219;-0,395519222;2,373333333;32,15474881;6,861886727;4,436873942;10,37387501;10,25828327;0,406463297;0,214022029;9,924651498;7,483314326;9,028587927;0,141858121;9,764591485;9,8768833;#NUM!;1,883471577;1,609437912;6,179949276;4,484549389;4,439962325;10,41699825;10,30591764;0,561918954;0,048025392;9,928952745;7,446216248;9,020535969;-0,000180649;9,89094387;9,801184042;7,435781881;1,914167673;1,609437912;6,207390501;4,513490493;4,435269435;10,37443047;10,2639937;0,340275905;-0,361656515;9,868389121;7,37444821;9,003209189;-0,108915116;9,896679435;9,751712411;7,893822433;1,916525901;1,616082455;6,193445119;4,513528195;4,422139698;10,41518195;10,29392677;-0,334705783;-0,554198003;9,951483011;7,570620661;9,090253432;-0,038212491;9,932015236;9,812555731;7,748102188;1,919068788;1,658228077;6,23925081;4,557286459;0,026061614;0,054628217;0,053302722;0,829486668;1,742888927;0,058979959;0,114556;0,060056721;0,284963205;-0,101989354;0,028409084;#NUM!;-0,148141867;-0,048790164;0,024937266;-0,027809031;0,030504236;0,053570599;0,057903206;0,797957319;#NUM!;0,057647628;0,105864497;0,056989171;0,514217752;-0,078832864;0,0330236;-0,833490917;-0,061614045;0,052697789;0,055871647;0,003263993;0,040649927;0,049882308;0,05124933;0,464823205;#NUM!;0,05499336;0,118241429;0,037687109;1,890933265;-0,017403771;0,071001075;-0,450720989;-0,104772169;0,381580446;0,01627672;0,003322165;0,039336931;0,047021202;0,05918459;#NUM!;#NUM!;0,057303984;0,101441485;0,060938624;#NUM!;-0,002247639;0,150400352;-0,75163206;-0,05641804;0,60159586;0,064798933;0,074706878
dic.2012;85,09;35.051;31.152;1,03;1,55;22.343;2.192;9.451;2;21.042;20.741;301;6,2;5,00;478;88,0;1,92;0,99;2,18;4,01;5,41;84,51034404;32012,28481;28517,78687;1,501498031;1,23864994;20427,7898;1778,124305;8338,077282;1,152413133;17406,36957;19474,93046;-2068,560891;6,576295395;5;482,9674576;88,63700104;84,77174786;33422,95606;29909,08734;1,754035186;1,049197296;20515,844;1713,367906;8271,209004;0,999819368;19750,69323;18055,11028;1695,582946;6,781292194;5;496,4041935;91,23973501;84,37485536;32030,07146;28681,10156;1,405335276;0,696521571;19310,2075;1594,711642;8129,130025;0,896806539;19864,3001;17183,62906;2680,671047;6,797302896;5,033333333;489,5296923;91,24317502;83,27427669;33362,30499;29552,59303;0,715548582;0,57453285;20983,31781;1940,344204;8868,433313;0,962508395;20578,76991;18261,59922;2317,170685;6,814609667;5,25;512,4744262;95,32446177;1,814089218;1688,322967;1599,478291;0,310003587;0,977087261;1360,052452;251,5516858;582,5687799;0,603884164;462,8574131;2479,364007;-2016,506594;-0,589953979;-0,25;-34,8542623;-7,334692654;2,174023623;1701,865885;1480,273882;0,846434707;1,021868777;1169,988136;192,4606212;486,0172084;0,285750142;-1868,951196;545,4799572;-2414,431153;-1,050085781;-0,25;11,89495763;-2,499502385;2,546854988;1743,37406;1682,646634;0,964284812;1,240178645;1149,245848;172,1137502;458,189423;0,401959209;-1620,020239;586,5071554;-2206,527394;-0,430963203;0,256666667;26,97435228;0,297320376;3,361055568;1558,538988;1432,857164;0,522438777;1,738020253;1033,261542;177,839816;300,6622779;0,761450734;-348,7396165;1177,750629;-1526,490245;-0,750813662;1,596666667;7,903442308;0,302621883;4,443690315;10,46454881;10,34663602;0,025231169;0,439299618;10,01428492;7,692522152;9,153876056;0,448775242;9,954258008;9,939865924;5,705993667;1,82851813;1,609437912;6,16881578;4,477220548;4,436873942;10,37387501;10,25828327;0,406463297;0,214022029;9,924651498;7,483314326;9,028587927;0,141858121;9,764591485;9,8768833;#NUM!;1,883471577;1,609437912;6,179949276;4,484549389;4,439962325;10,41699825;10,30591764;0,561918954;0,048025392;9,928952745;7,446216248;9,020535969;-0,000180649;9,89094387;9,801184042;7,435781881;1,914167673;1,609437912;6,207390501;4,513490493;4,435269435;10,37443047;10,2639937;0,340275905;-0,361656515;9,868389121;7,37444821;9,003209189;-0,108915116;9,896679435;9,751712411;7,893822433;1,916525901;1,616082455;6,193445119;4,513528195;0,021550617;0,04936686;0,052709247;0,359936952;0,993497621;0,062801912;0,12190149;0,063622624;0,486987733;0,022242772;0,127310193;-2,042108521;-0,090550658;-0,048790164;-0,070435029;-0,080065912;0,026061614;0,054628217;0,053302722;0,829486668;1,742888927;0,058979959;0,114556;0,060056721;0,284963205;-0,101989354;0,028409084;#NUM!;-0,148141867;-0,048790164;0,024937266;-0,027809031;0,030504236;0,053570599;0,057903206;0,797957319;#NUM!;0,057647628;0,105864497;0,056989171;0,514217752;-0,078832864;0,0330236;-0,833490917;-0,061614045;0,052697789;0,055871647;0,003263993;0,040649927;0,049882308;0,05124933;0,464823205;#NUM!;0,05499336;0,118241429;0,037687109;1,890933265;-0,017403771;0,071001075;-0,450720989;-0,104772169;0,381580446;0,01627672;0,003322165
mar.2013;85,61;33.191;29.673;1,10;1,37;20.357;1.752;8.599;2;18.586;18.125;461;6,4;5,00;473;87,3;1,33;0,24;1,47;4,15;3,46;85,08836591;35050,62796;31152,07132;1,025552169;1,551620111;22343,37027;2191,89589;9451,002093;1,566392559;21041,62732;20740,96323;300,6640916;6,224655688;5;477,6201639;87,98976911;84,51034404;32012,28481;28517,78687;1,501498031;1,23864994;20427,7898;1778,124305;8338,077282;1,152413133;17406,36957;19474,93046;-2068,560891;6,576295395;5;482,9674576;88,63700104;84,77174786;33422,95606;29909,08734;1,754035186;1,049197296;20515,844;1713,367906;8271,209004;0,999819368;19750,69323;18055,11028;1695,582946;6,781292194;5;496,4041935;91,23973501;84,37485536;32030,07146;28681,10156;1,405335276;0,696521571;19310,2075;1594,711642;8129,130025;0,896806539;19864,3001;17183,62906;2680,671047;6,797302896;5,033333333;489,5296923;91,24317502;1,23983334;1160,429651;991,6074043;-0,309724506;0,674363441;1047,10157;156,8384287;470,2423899;0,729180631;-1278,146306;941,554507;-2219,700813;-0,371193988;-0,033333333;-17,02517618;-3,94975849;1,814089218;1688,322967;1599,478291;0,310003587;0,977087261;1360,052452;251,5516858;582,5687799;0,603884164;462,8574131;2479,364007;-2016,506594;-0,589953979;-0,25;-34,8542623;-7,334692654;2,174023623;1701,865885;1480,273882;0,846434707;1,021868777;1169,988136;192,4606212;486,0172084;0,285750142;-1868,951196;545,4799572;-2414,431153;-1,050085781;-0,25;11,89495763;-2,499502385;2,546854988;1743,37406;1682,646634;0,964284812;1,240178645;1149,245848;172,1137502;458,189423;0,401959209;-1620,020239;586,5071554;-2206,527394;-0,430963203;0,256666667;26,97435228;0,297320376;4,449856865;10,410019;10,29798301;0,091311988;0,315456526;9,921195294;7,46825643;9,059444505;0,486115121;9,830172163;9,805057607;6,133333473;1,860369209;1,609437912;6,158047305;4,469275048;4,443690315;10,46454881;10,34663602;0,025231169;0,439299618;10,01428492;7,692522152;9,153876056;0,448775242;9,954258008;9,939865924;5,705993667;1,82851813;1,609437912;6,16881578;4,477220548;4,436873942;10,37387501;10,25828327;0,406463297;0,214022029;9,924651498;7,483314326;9,028587927;0,141858121;9,764591485;9,8768833;#NUM!;1,883471577;1,609437912;6,179949276;4,484549389;4,439962325;10,41699825;10,30591764;0,561918954;0,048025392;9,928952745;7,446216248;9,020535969;-0,000180649;9,89094387;9,801184042;7,435781881;1,914167673;1,609437912;6,207390501;4,513490493;0,01458743;0,035588529;0,03398931;-0,248963916;0,677113041;0,052806173;0,093808219;0,056235316;0,595030237;-0,066507272;0,053345197;-1,76048896;-0,056156692;-0,006644543;-0,035397814;-0,044253147;0,021550617;0,04936686;0,052709247;0,359936952;0,993497621;0,062801912;0,12190149;0,063622624;0,486987733;0,022242772;0,127310193;-2,042108521;-0,090550658;-0,048790164;-0,070435029;-0,080065912;0,026061614;0,054628217;0,053302722;0,829486668;1,742888927;0,058979959;0,114556;0,060056721;0,284963205;-0,101989354;0,028409084;#NUM!;-0,148141867;-0,048790164;0,024937266;-0,027809031;0,030504236;0,053570599;0,057903206;0,797957319;#NUM!;0,057647628;0,105864497;0,056989171;0,514217752;-0,078832864;0,0330236;-0,833490917;-0,061614045;0,052697789;0,055871647;0,003263993
jun.2013;85,85;34.830;31.154;1,92;1,44;21.454;1.905;8.610;2;20.143;18.856;1.287;6,3;5,00;484;88,6;0,99;0,04;1,27;3,10;4,16;85,6146887;33190,50111;29672,70896;1,09561077;1,370885013;20357,30907;1751,550071;8599,372415;1,62598717;18586,1538;18125,18356;460,970234;6,426108908;5;472,5045161;87,29341653;85,08836591;35050,62796;31152,07132;1,025552169;1,551620111;22343,37027;2191,89589;9451,002093;1,566392559;21041,62732;20740,96323;300,6640916;6,224655688;5;477,6201639;87,98976911;84,51034404;32012,28481;28517,78687;1,501498031;1,23864994;20427,7898;1778,124305;8338,077282;1,152413133;17406,36957;19474,93046;-2068,560891;6,576295395;5;482,9674576;88,63700104;84,77174786;33422,95606;29909,08734;1,754035186;1,049197296;20515,844;1713,367906;8271,209004;0,999819368;19750,69323;18055,11028;1695,582946;6,781292194;5;496,4041935;91,23973501;1,079144604;1406,806581;1244,92118;0,163593706;0,390250734;937,6618539;191,585978;338,29705;0,59200227;392,1174083;800,4049422;-408,287534;-0,520751501;0;-12,02355863;-2,605822985;1,23983334;1160,429651;991,6074043;-0,309724506;0,674363441;1047,10157;156,8384287;470,2423899;0,729180631;-1278,146306;941,554507;-2219,700813;-0,371193988;-0,033333333;-17,02517618;-3,94975849;1,814089218;1688,322967;1599,478291;0,310003587;0,977087261;1360,052452;251,5516858;582,5687799;0,603884164;462,8574131;2479,364007;-2016,506594;-0,589953979;-0,25;-34,8542623;-7,334692654;2,174023623;1701,865885;1480,273882;0,846434707;1,021868777;1169,988136;192,4606212;486,0172084;0,285750142;-1868,951196;545,4799572;-2414,431153;-1,050085781;-0,25;11,89495763;-2,499502385;4,452611983;10,45822755;10,3466982;0,651089471;0,364259727;9,973643354;7,552213079;9,060622227;0,464879044;9,910602711;9,844560735;7,160298716;1,834266554;1,609437912;6,182871033;4,484514539;4,449856865;10,410019;10,29798301;0,091311988;0,315456526;9,921195294;7,46825643;9,059444505;0,486115121;9,830172163;9,805057607;6,133333473;1,860369209;1,609437912;6,158047305;4,469275048;4,443690315;10,46454881;10,34663602;0,025231169;0,439299618;10,01428492;7,692522152;9,153876056;0,448775242;9,954258008;9,939865924;5,705993667;1,82851813;1,609437912;6,16881578;4,477220548;4,436873942;10,37387501;10,25828327;0,406463297;0,214022029;9,924651498;7,483314326;9,028587927;0,141858121;9,764591485;9,8768833;#NUM!;1,883471577;1,609437912;6,179949276;4,484549389;0,012649658;0,041229298;0,040780563;0,089170517;0,316234336;0,044690609;0,105996831;0,040086258;0,465059693;0,019658842;0,043376693;-0,275483165;-0,079901119;0;-0,024519468;-0,028975954;0,01458743;0,035588529;0,03398931;-0,248963916;0,677113041;0,052806173;0,093808219;0,056235316;0,595030237;-0,066507272;0,053345197;-1,76048896;-0,056156692;-0,006644543;-0,035397814;-0,044253147;0,021550617;0,04936686;0,052709247;0,359936952;0,993497621;0,062801912;0,12190149;0,063622624;0,486987733;0,022242772;0,127310193;-2,042108521;-0,090550658;-0,048790164;-0,070435029;-0,080065912;0,026061614;0,054628217;0,053302722;0,829486668;1,742888927;0,058979959;0,114556;0,060056721;0,284963205;-0,101989354;0,028409084;#NUM!;-0,148141867;-0,048790164;0,024937266;-0,027809031
sept.2013;86,29;33.419;29.583;1,33;1,39;21.312;1.991;8.673;2;18.691;19.113;-422;5,9;5,00;507;91,4;0,24;-0,36;2,11;2,64;3,74;85,85089246;34829,76264;31154,00852;1,917628892;1,43944803;21453,50586;1904,953884;8609,506054;1,591821637;20142,81063;18855,51522;1287,295412;6,260540694;5;484,3806349;88,63391203;85,6146887;33190,50111;29672,70896;1,09561077;1,370885013;20357,30907;1751,550071;8599,372415;1,62598717;18586,1538;18125,18356;460,970234;6,426108908;5;472,5045161;87,29341653;85,08836591;35050,62796;31152,07132;1,025552169;1,551620111;22343,37027;2191,89589;9451,002093;1,566392559;21041,62732;20740,96323;300,6640916;6,224655688;5;477,6201639;87,98976911;84,51034404;32012,28481;28517,78687;1,501498031;1,23864994;20427,7898;1778,124305;8338,077282;1,152413133;17406,36957;19474,93046;-2068,560891;6,576295395;5;482,9674576;88,63700104;1,780182502;1407,033717;1065,300278;-0,16950253;0,153003035;883,9542062;212,967305;335,292517;0,383365063;1284,141601;-362,3021452;1646,443746;-0,715798703;0;24,50450959;2,788536221;1,079144604;1406,806581;1244,92118;0,163593706;0,390250734;937,6618539;191,585978;338,29705;0,59200227;392,1174083;800,4049422;-408,287534;-0,520751501;0;-12,02355863;-2,605822985;1,23983334;1160,429651;991,6074043;-0,309724506;0,674363441;1047,10157;156,8384287;470,2423899;0,729180631;-1278,146306;941,554507;-2219,700813;-0,371193988;-0,033333333;-17,02517618;-3,94975849;1,814089218;1688,322967;1599,478291;0,310003587;0,977087261;1360,052452;251,5516858;582,5687799;0,603884164;462,8574131;2479,364007;-2016,506594;-0,589953979;-0,25;-34,8542623;-7,334692654;4,457719819;10,41688941;10,2949581;0,286678194;0,330492231;9,967013561;7,596438315;9,068012668;0,42903722;9,83577125;9,858104564;#NUM!;1,76823436;1,609437912;6,229441472;4,515524841;4,452611983;10,45822755;10,3466982;0,651089471;0,364259727;9,973643354;7,552213079;9,060622227;0,464879044;9,910602711;9,844560735;7,160298716;1,834266554;1,609437912;6,182871033;4,484514539;4,449856865;10,410019;10,29798301;0,091311988;0,315456526;9,921195294;7,46825643;9,059444505;0,486115121;9,830172163;9,805057607;6,133333473;1,860369209;1,609437912;6,158047305;4,469275048;4,443690315;10,46454881;10,34663602;0,025231169;0,439299618;10,01428492;7,692522152;9,153876056;0,448775242;9,954258008;9,939865924;5,705993667;1,82851813;1,609437912;6,16881578;4,477220548;0,020845877;0,043014402;0,036674825;-0,119785103;0,116470203;0,042362064;0,113123989;0,039424741;0,2871791;0,071179765;-0,018778736;#NUM!;-0,115237217;0;0,049492197;0,030975451;0,012649658;0,041229298;0,040780563;0,089170517;0,316234336;0,044690609;0,105996831;0,040086258;0,465059693;0,019658842;0,043376693;-0,275483165;-0,079901119;0;-0,024519468;-0,028975954;0,01458743;0,035588529;0,03398931;-0,248963916;0,677113041;0,052806173;0,093808219;0,056235316;0,595030237;-0,066507272;0,053345197;-1,76048896;-0,056156692;-0,006644543;-0,035397814;-0,044253147;0,021550617;0,04936686;0,052709247;0,359936952;0,993497621;0,062801912;0,12190149;0,063622624;0,486987733;0,022242772;0,127310193;-2,042108521;-0,090550658;-0,048790164;-0,070435029;-0,080065912
dic.2013;87,05;36.437;32.323;0,99;1,47;23.254;2.368;9.874;2;19.350;18.661;689;5,8;4,68;516;92,7;0,04;0,21;2,31;2,18;3,76;86,29052655;33419,31853;29583,08715;1,331995501;1,391652975;21311,744;1991,09161;8673,369799;1,535778196;18690,51117;19112,62831;-422,1171451;5,860496691;5;507,4719672;91,42553726;85,85089246;34829,76264;31154,00852;1,917628892;1,43944803;21453,50586;1904,953884;8609,506054;1,591821637;20142,81063;18855,51522;1287,295412;6,260540694;5;484,3806349;88,63391203;85,6146887;33190,50111;29672,70896;1,09561077;1,370885013;20357,30907;1751,550071;8599,372415;1,62598717;18586,1538;18125,18356;460,970234;6,426108908;5;472,5045161;87,29341653;85,08836591;35050,62796;31152,07132;1,025552169;1,551620111;22343,37027;2191,89589;9451,002093;1,566392559;21041,62732;20740,96323;300,6640916;6,224655688;5;477,6201639;87,98976911;1,961987383;1386,005531;1170,611785;-0,038166716;-0,083802156;910,9573532;176,4131764;422,5887363;-0,011483879;-1691,165771;-2079,788532;388,6227607;-0,442923719;-0,316666667;38,37580381;4,726744896;1,780182502;1407,033717;1065,300278;-0,16950253;0,153003035;883,9542062;212,967305;335,292517;0,383365063;1284,141601;-362,3021452;1646,443746;-0,715798703;0;24,50450959;2,788536221;1,079144604;1406,806581;1244,92118;0,163593706;0,390250734;937,6618539;191,585978;338,29705;0,59200227;392,1174083;800,4049422;-408,287534;-0,520751501;0;-12,02355863;-2,605822985;1,23983334;1160,429651;991,6074043;-0,309724506;0,674363441;1047,10157;156,8384287;470,2423899;0,729180631;-1278,146306;941,554507;-2219,700813;-0,371193988;-0,033333333;-17,02517618;-3,94975849;4,466486725;10,50332996;10,38352453;-0,012694786;0,383776913;10,05424653;7,769931505;9,197618879;0,441416817;9,870471551;9,834200425;6,535657516;1,754703286;1,544010107;6,246098951;4,529546601;4,457719819;10,41688941;10,2949581;0,286678194;0,330492231;9,967013561;7,596438315;9,068012668;0,42903722;9,83577125;9,858104564;#NUM!;1,76823436;1,609437912;6,229441472;4,515524841;4,452611983;10,45822755;10,3466982;0,651089471;0,364259727;9,973643354;7,552213079;9,060622227;0,464879044;9,910602711;9,844560735;7,160298716;1,834266554;1,609437912;6,182871033;4,484514539;4,449856865;10,410019;10,29798301;0,091311988;0,315456526;9,921195294;7,46825643;9,059444505;0,486115121;9,830172163;9,805057607;6,133333473;1,860369209;1,609437912;6,158047305;4,469275048;0,022796409;0,038781154;0,036888509;-0,037925955;-0,055522705;0,039961604;0,077409354;0,043742822;-0,007358425;-0,083786457;-0,105665499;0,829663849;-0,073814843;-0,065427805;0,077283171;0,052326054;0,020845877;0,043014402;0,036674825;-0,119785103;0,116470203;0,042362064;0,113123989;0,039424741;0,2871791;0,071179765;-0,018778736;#NUM!;-0,115237217;0;0,049492197;0,030975451;0,012649658;0,041229298;0,040780563;0,089170517;0,316234336;0,044690609;0,105996831;0,040086258;0,465059693;0,019658842;0,043376693;-0,275483165;-0,079901119;0;-0,024519468;-0,028975954;0,01458743;0,035588529;0,03398931;-0,248963916;0,677113041;0,052806173;0,093808219;0,056235316;0,595030237;-0,066507272;0,053345197;-1,76048896;-0,056156692;-0,006644543;-0,035397814;-0,044253147
mar.2014;87,94;34.130;30.429;0,24;1,24;21.268;1.813;9.156;2;18.972;17.132;1.840;6,5;4,34;551;97,6;-0,36;-0,42;2,72;1,47;2,55;87,05035329;36436,63349;32322,68311;0,987385453;1,467817955;23254,32762;2368,309067;9873,590829;1,55490868;19350,46155;18661,1747;689,2868522;5,781731969;4,683333333;515,9959677;92,71651401;86,29052655;33419,31853;29583,08715;1,331995501;1,391652975;21311,744;1991,09161;8673,369799;1,535778196;18690,51117;19112,62831;-422,1171451;5,860496691;5;507,4719672;91,42553726;85,85089246;34829,76264;31154,00852;1,917628892;1,43944803;21453,50586;1904,953884;8609,506054;1,591821637;20142,81063;18855,51522;1287,295412;6,260540694;5;484,3806349;88,63391203;85,6146887;33190,50111;29672,70896;1,09561077;1,370885013;20357,30907;1751,550071;8599,372415;1,62598717;18586,1538;18125,18356;460,970234;6,426108908;5;472,5045161;87,29341653;2,328014403;939,3505712;756,5302731;-0,853237362;-0,131184767;910,5169674;61,41248069;556,7899944;-0,010461553;385,5274223;-993,3972949;1378,924717;0,070295239;-0,663333333;78,98008705;10,2711335;1,961987383;1386,005531;1170,611785;-0,038166716;-0,083802156;910,9573532;176,4131764;422,5887363;-0,011483879;-1691,165771;-2079,788532;388,6227607;-0,442923719;-0,316666667;38,37580381;4,726744896;1,780182502;1407,033717;1065,300278;-0,16950253;0,153003035;883,9542062;212,967305;335,292517;0,383365063;1284,141601;-362,3021452;1646,443746;-0,715798703;0;24,50450959;2,788536221;1,079144604;1406,806581;1244,92118;0,163593706;0,390250734;937,6618539;191,585978;338,29705;0,59200227;392,1174083;800,4049422;-408,287534;-0,520751501;0;-12,02355863;-2,605822985;4,476685501;10,4379277;10,32315924;-1,417275736;0,214869613;9,964950695;7,502717555;9,122182419;0,479660363;9,850702684;9,748690863;7,517463757;1,871248816;1,467106004;6,31261392;4,580514211;4,466486725;10,50332996;10,38352453;-0,012694786;0,383776913;10,05424653;7,769931505;9,197618879;0,441416817;9,870471551;9,834200425;6,535657516;1,754703286;1,544010107;6,246098951;4,529546601;4,457719819;10,41688941;10,2949581;0,286678194;0,330492231;9,967013561;7,596438315;9,068012668;0,42903722;9,83577125;9,858104564;#NUM!;1,76823436;1,609437912;6,229441472;4,515524841;4,452611983;10,45822755;10,3466982;0,651089471;0,364259727;9,973643354;7,552213079;9,060622227;0,464879044;9,910602711;9,844560735;7,160298716;1,834266554;1,609437912;6,182871033;4,484514539;0,026828636;0,027908693;0,02517623;-1,508587724;-0,100586913;0,043755401;0,034461125;0,062737914;-0,006454757;0,020530521;-0,056366744;1,384130285;0,010879607;-0,142331909;0,154566615;0,111239163;0,022796409;0,038781154;0,036888509;-0,037925955;-0,055522705;0,039961604;0,077409354;0,043742822;-0,007358425;-0,083786457;-0,105665499;0,829663849;-0,073814843;-0,065427805;0,077283171;0,052326054;0,020845877;0,043014402;0,036674825;-0,119785103;0,116470203;0,042362064;0,113123989;0,039424741;0,2871791;0,071179765;-0,018778736;#NUM!;-0,115237217;0;0,049492197;0,030975451;0,012649658;0,041229298;0,040780563;0,089170517;0,316234336;0,044690609;0,105996831;0,040086258;0,465059693;0,019658842;0,043376693;-0,275483165;-0,079901119;0;-0,024519468;-0,028975954
jun.2014;89,23;35.338;31.460;0,04;0,68;22.015;1.884;8.967;1;19.702;16.956;2.746;6,5;4,00;554;97,4;0,21;0,25;3,93;1,27;0,98;87,9427031;34129,85168;30429,23924;0,242373407;1,239700245;21267,82604;1812,962552;9156,162409;1,615525617;18971,68122;17131,78627;1839,894951;6,496404148;4,336666667;551,4846032;97,56455004;87,05035329;36436,63349;32322,68311;0,987385453;1,467817955;23254,32762;2368,309067;9873,590829;1,55490868;19350,46155;18661,1747;689,2868522;5,781731969;4,683333333;515,9959677;92,71651401;86,29052655;33419,31853;29583,08715;1,331995501;1,391652975;21311,744;1991,09161;8673,369799;1,535778196;18690,51117;19112,62831;-422,1171451;5,860496691;5;507,4719672;91,42553726;85,85089246;34829,76264;31154,00852;1,917628892;1,43944803;21453,50586;1904,953884;8609,506054;1,591821637;20142,81063;18855,51522;1287,295412;6,260540694;5;484,3806349;88,63391203;3,37481165;508,2240036;305,51414;-1,875237036;-0,755049695;561,1351825;-20,77132539;357,3885939;-0,278180404;-440,8738756;-1899,204199;1458,330324;0,257291219;-1;69,97146185;8,763076464;2,328014403;939,3505712;756,5302731;-0,853237362;-0,131184767;910,5169674;61,41248069;556,7899944;-0,010461553;385,5274223;-993,3972949;1378,924717;0,070295239;-0,663333333;78,98008705;10,2711335;1,961987383;1386,005531;1170,611785;-0,038166716;-0,083802156;910,9573532;176,4131764;422,5887363;-0,011483879;-1691,165771;-2079,788532;388,6227607;-0,442923719;-0,316666667;38,37580381;4,726744896;1,780182502;1407,033717;1065,300278;-0,16950253;0,153003035;883,9542062;212,967305;335,292517;0,383365063;1284,141601;-362,3021452;1646,443746;-0,715798703;0;24,50450959;2,788536221;4,491169161;10,47271377;10,356457;-3,160799017;-0,379215171;9,999463013;7,54124935;9,101294702;0,272802849;9,888472223;9,738395375;7,917764283;1,874541792;1,386294361;6,317800039;4,578795291;4,476685501;10,4379277;10,32315924;-1,417275736;0,214869613;9,964950695;7,502717555;9,122182419;0,479660363;9,850702684;9,748690863;7,517463757;1,871248816;1,467106004;6,31261392;4,580514211;4,466486725;10,50332996;10,38352453;-0,012694786;0,383776913;10,05424653;7,769931505;9,197618879;0,441416817;9,870471551;9,834200425;6,535657516;1,754703286;1,544010107;6,246098951;4,529546601;4,457719819;10,41688941;10,2949581;0,286678194;0,330492231;9,967013561;7,596438315;9,068012668;0,42903722;9,83577125;9,858104564;#NUM!;1,76823436;1,609437912;6,229441472;4,515524841;0,038557178;0,014486225;0,009758803;-3,811888488;-0,743474898;0,025819659;-0,010963729;0,040672475;-0,192076196;-0,022130489;-0,10616536;0,757465566;0,040275238;-0,223143551;0,134929005;0,094280753;0,026828636;0,027908693;0,02517623;-1,508587724;-0,100586913;0,043755401;0,034461125;0,062737914;-0,006454757;0,020530521;-0,056366744;1,384130285;0,010879607;-0,142331909;0,154566615;0,111239163;0,022796409;0,038781154;0,036888509;-0,037925955;-0,055522705;0,039961604;0,077409354;0,043742822;-0,007358425;-0,083786457;-0,105665499;0,829663849;-0,073814843;-0,065427805;0,077283171;0,052326054;0,020845877;0,043014402;0,036674825;-0,119785103;0,116470203;0,042362064;0,113123989;0,039424741;0,2871791;0,071179765;-0,018778736;#NUM!;-0,115237217;0;0,049492197;0,030975451
sept.2014;89,97;33.757;29.966;-0,36;0,23;21.708;1.850;8.932;1;17.892;17.167;725;6,8;3,62;576;99,8;-0,42;0,33;4,26;2,11;1,29;89,22570411;35337,98665;31459,52266;0,042391856;0,684398334;22014,64104;1884,182558;8966,894648;1,313641233;19701,93676;16956,31102;2745,625735;6,517831912;4;554,3520968;97,39698849;87,9427031;34129,85168;30429,23924;0,242373407;1,239700245;21267,82604;1812,962552;9156,162409;1,615525617;18971,68122;17131,78627;1839,894951;6,496404148;4,336666667;551,4846032;97,56455004;87,05035329;36436,63349;32322,68311;0,987385453;1,467817955;23254,32762;2368,309067;9873,590829;1,55490868;19350,46155;18661,1747;689,2868522;5,781731969;4,683333333;515,9959677;92,71651401;86,29052655;33419,31853;29583,08715;1,331995501;1,391652975;21311,744;1991,09161;8673,369799;1,535778196;18690,51117;19112,62831;-422,1171451;5,860496691;5;507,4719672;91,42553726;3,675320412;337,6320221;382,4587549;-1,692201928;-1,157376781;395,7966013;-141,4912199;258,9145045;-0,667865859;-798,7706602;-1945,918846;1147,148186;0,900053235;-1,376666667;68,83416182;8,381107399;3,37481165;508,2240036;305,51414;-1,875237036;-0,755049695;561,1351825;-20,77132539;357,3885939;-0,278180404;-440,8738756;-1899,204199;1458,330324;0,257291219;-1;69,97146185;8,763076464;2,328014403;939,3505712;756,5302731;-0,853237362;-0,131184767;910,5169674;61,41248069;556,7899944;-0,010461553;385,5274223;-993,3972949;1378,924717;0,070295239;-0,663333333;78,98008705;10,2711335;1,961987383;1386,005531;1170,611785;-0,038166716;-0,083802156;910,9573532;176,4131764;422,5887363;-0,011483879;-1691,165771;-2079,788532;388,6227607;-0,442923719;-0,316666667;38,37580381;4,726744896;4,49943012;10,42694162;10,30780353;#NUM!;-1,451254542;9,985414972;7,522724889;9,097427442;-0,141664564;9,792094461;9,750727291;6,586214468;1,911104237;1,287394412;6,356638994;4,603234761;4,491169161;10,47271377;10,356457;-3,160799017;-0,379215171;9,999463013;7,54124935;9,101294702;0,272802849;9,888472223;9,738395375;7,917764283;1,874541792;1,386294361;6,317800039;4,578795291;4,476685501;10,4379277;10,32315924;-1,417275736;0,214869613;9,964950695;7,502717555;9,122182419;0,479660363;9,850702684;9,748690863;7,517463757;1,871248816;1,467106004;6,31261392;4,580514211;4,466486725;10,50332996;10,38352453;-0,012694786;0,383776913;10,05424653;7,769931505;9,197618879;0,441416817;9,870471551;9,834200425;6,535657516;1,754703286;1,544010107;6,246098951;4,529546601;0,041710302;0,010052207;0,012845434;#NUM!;-1,781746773;0,018401411;-0,073713426;0,029414774;-0,570701784;-0,043676789;-0,107377273;#NUM!;0,142869877;-0,3220435;0,127197521;0,08770992;0,038557178;0,014486225;0,009758803;-3,811888488;-0,743474898;0,025819659;-0,010963729;0,040672475;-0,192076196;-0,022130489;-0,10616536;0,757465566;0,040275238;-0,223143551;0,134929005;0,094280753;0,026828636;0,027908693;0,02517623;-1,508587724;-0,100586913;0,043755401;0,034461125;0,062737914;-0,006454757;0,020530521;-0,056366744;1,384130285;0,010879607;-0,142331909;0,154566615;0,111239163;0,022796409;0,038781154;0,036888509;-0,037925955;-0,055522705;0,039961604;0,077409354;0,043742822;-0,007358425;-0,083786457;-0,105665499;0,829663849;-0,073814843;-0,065427805;0,077283171;0,052326054
dic.2014;91,23;37.087;32.967;0,21;0,03;23.694;2.233;10.184;1;18.499;17.344;1.155;6,2;3,05;598;97,8;0,25;0,26;4,80;2,31;1,99;89,96584696;33756,95055;29965,5459;-0,360206427;0,234276194;21707,5406;1849,60039;8932,284303;0,867912337;17891,74051;17166,70947;725,0310405;6,760549926;3,623333333;576,306129;99,80664466;89,22570411;35337,98665;31459,52266;0,042391856;0,684398334;22014,64104;1884,182558;8966,894648;1,313641233;19701,93676;16956,31102;2745,625735;6,517831912;4;554,3520968;97,39698849;87,9427031;34129,85168;30429,23924;0,242373407;1,239700245;21267,82604;1812,962552;9156,162409;1,615525617;18971,68122;17131,78627;1839,894951;6,496404148;4,336666667;551,4846032;97,56455004;87,05035329;36436,63349;32322,68311;0,987385453;1,467817955;23254,32762;2368,309067;9873,590829;1,55490868;19350,46155;18661,1747;689,2868522;5,781731969;4,683333333;515,9959677;92,71651401;4,177616227;650,7073592;644,0330011;-0,774888971;-1,434702811;439,8700207;-135,185719;310,0156402;-1,03814873;-851,1222051;-1317,132016;466,0098111;0,42386485;-1,636666667;82,18354839;5,043614057;3,675320412;337,6320221;382,4587549;-1,692201928;-1,157376781;395,7966013;-141,4912199;258,9145045;-0,667865859;-798,7706602;-1945,918846;1147,148186;0,900053235;-1,376666667;68,83416182;8,381107399;3,37481165;508,2240036;305,51414;-1,875237036;-0,755049695;561,1351825;-20,77132539;357,3885939;-0,278180404;-440,8738756;-1899,204199;1458,330324;0,257291219;-1;69,97146185;8,763076464;2,328014403;939,3505712;756,5302731;-0,853237362;-0,131184767;910,5169674;61,41248069;556,7899944;-0,010461553;385,5274223;-993,3972949;1378,924717;0,070295239;-0,663333333;78,98008705;10,2711335;4,513361533;10,52103097;10,40325373;-1,548829845;-3,407764593;10,07298547;7,711156489;9,228534497;-0,660176825;9,825490299;9,761004365;7,052112441;1,825451598;1,114048097;6,393890903;4,582516805;4,49943012;10,42694162;10,30780353;#NUM!;-1,451254542;9,985414972;7,522724889;9,097427442;-0,141664564;9,792094461;9,750727291;6,586214468;1,911104237;1,287394412;6,356638994;4,603234761;4,491169161;10,47271377;10,356457;-3,160799017;-0,379215171;9,999463013;7,54124935;9,101294702;0,272802849;9,888472223;9,738395375;7,917764283;1,874541792;1,386294361;6,317800039;4,578795291;4,476685501;10,4379277;10,32315924;-1,417275736;0,214869613;9,964950695;7,502717555;9,122182419;0,479660363;9,850702684;9,748690863;7,517463757;1,871248816;1,467106004;6,31261392;4,580514211;0,046874809;0,017701011;0,019729203;-1,536135059;-3,791541506;0,018738944;-0,058775017;0,030915619;-1,101593642;-0,044981252;-0,07319606;0,516454926;0,070748311;-0,42996201;0,147791952;0,052970204;0,041710302;0,010052207;0,012845434;#NUM!;-1,781746773;0,018401411;-0,073713426;0,029414774;-0,570701784;-0,043676789;-0,107377273;#NUM!;0,142869877;-0,3220435;0,127197521;0,08770992;0,038557178;0,014486225;0,009758803;-3,811888488;-0,743474898;0,025819659;-0,010963729;0,040672475;-0,192076196;-0,022130489;-0,10616536;0,757465566;0,040275238;-0,223143551;0,134929005;0,094280753;0,026828636;0,027908693;0,02517623;-1,508587724;-0,100586913;0,043755401;0,034461125;0,062737914;-0,006454757;0,020530521;-0,056366744;1,384130285;0,010879607;-0,142331909;0,154566615;0,111239163
mar.2015;91,49;34.905;31.155;-0,42;-0,07;21.696;1.737;9.374;0;17.104;14.678;2.427;6,2;3,00;624;96,9;0,33;0,28;4,03;2,72;2,38;91,22796952;37087,34085;32966,71611;0,212496482;0,033115144;23694,19764;2233,123348;10183,60647;0,51675995;18499,33934;17344,04268;1155,296663;6,205596819;3,046666667;598,1795161;97,76012806;89,96584696;33756,95055;29965,5459;-0,360206427;0,234276194;21707,5406;1849,60039;8932,284303;0,867912337;17891,74051;17166,70947;725,0310405;6,760549926;3,623333333;576,306129;99,80664466;89,22570411;35337,98665;31459,52266;0,042391856;0,684398334;22014,64104;1884,182558;8966,894648;1,313641233;19701,93676;16956,31102;2745,625735;6,517831912;4;554,3520968;97,39698849;87,9427031;34129,85168;30429,23924;0,242373407;1,239700245;21267,82604;1812,962552;9156,162409;1,615525617;18971,68122;17131,78627;1839,894951;6,496404148;4,336666667;551,4846032;97,56455004;3,543283186;775,1419495;725,3711977;-0,661776279;-1,309251156;428,192423;-76,10395549;217,5906969;-1,423500428;-1867,514508;-2454,162401;586,6478924;-0,267539745;-1,336666667;72,93634921;-0,634199179;4,177616227;650,7073592;644,0330011;-0,774888971;-1,434702811;439,8700207;-135,185719;310,0156402;-1,03814873;-851,1222051;-1317,132016;466,0098111;0,42386485;-1,636666667;82,18354839;5,043614057;3,675320412;337,6320221;382,4587549;-1,692201928;-1,157376781;395,7966013;-141,4912199;258,9145045;-0,667865859;-798,7706602;-1945,918846;1147,148186;0,900053235;-1,376666667;68,83416182;8,381107399;3,37481165;508,2240036;305,51414;-1,875237036;-0,755049695;561,1351825;-20,77132539;357,3885939;-0,278180404;-440,8738756;-1899,204199;1458,330324;0,257291219;-1;69,97146185;8,763076464;4,516185805;10,46038518;10,34671752;#NUM!;#NUM!;9,984884042;7,459833356;9,14566884;-1,650128722;9,74707738;9,594079427;7,794222825;1,829194037;1,098612289;6,436824744;4,573992688;4,513361533;10,52103097;10,40325373;-1,548829845;-3,407764593;10,07298547;7,711156489;9,228534497;-0,660176825;9,825490299;9,761004365;7,052112441;1,825451598;1,114048097;6,393890903;4,582516805;4,49943012;10,42694162;10,30780353;#NUM!;-1,451254542;9,985414972;7,522724889;9,097427442;-0,141664564;9,792094461;9,750727291;6,586214468;1,911104237;1,287394412;6,356638994;4,603234761;4,491169161;10,47271377;10,356457;-3,160799017;-0,379215171;9,999463013;7,54124935;9,101294702;0,272802849;9,888472223;9,738395375;7,917764283;1,874541792;1,386294361;6,317800039;4,578795291;0,039500304;0,022457486;0,023558279;#NUM!;#NUM!;0,019933347;-0,042884199;0,023486421;-2,129789086;-0,103625304;-0,154611436;0,276759068;-0,042054778;-0,368493715;0,124210824;-0,006521522;0,046874809;0,017701011;0,019729203;-1,536135059;-3,791541506;0,018738944;-0,058775017;0,030915619;-1,101593642;-0,044981252;-0,07319606;0,516454926;0,070748311;-0,42996201;0,147791952;0,052970204;0,041710302;0,010052207;0,012845434;#NUM!;-1,781746773;0,018401411;-0,073713426;0,029414774;-0,570701784;-0,043676789;-0,107377273;#NUM!;0,142869877;-0,3220435;0,127197521;0,08770992;0,038557178;0,014486225;0,009758803;-3,811888488;-0,743474898;0,025819659;-0,010963729;0,040672475;-0,192076196;-0,022130489;-0,10616536;0,757465566;0,040275238;-0,223143551;0,134929005;0,094280753
jun.2015;92,54;36.189;32.284;0,25;-0,06;22.533;1.863;9.136;0;16.087;13.750;2.337;6,7;3,00;618;94,0;0,26;-0,37;3,71;3,93;2,62;91,48598629;34904,99363;31154,61043;-0,419402872;-0,06955091;21696,01846;1736,858596;9373,753106;0,192025189;17104,16671;14677,62387;2426,542843;6,228864403;3;624,4209524;96,93035086;91,22796952;37087,34085;32966,71611;0,212496482;0,033115144;23694,19764;2233,123348;10183,60647;0,51675995;18499,33934;17344,04268;1155,296663;6,205596819;3,046666667;598,1795161;97,76012806;89,96584696;33756,95055;29965,5459;-0,360206427;0,234276194;21707,5406;1849,60039;8932,284303;0,867912337;17891,74051;17166,70947;725,0310405;6,760549926;3,623333333;576,306129;99,80664466;89,22570411;35337,98665;31459,52266;0,042391856;0,684398334;22014,64104;1884,182558;8966,894648;1,313641233;19701,93676;16956,31102;2745,625735;6,517831912;4;554,3520968;97,39698849;3,312668958;850,6402631;824,6271066;0,203047637;-0,747549781;518,0888385;-21,32781357;168,7988135;-1,310569479;-3614,789153;-3206,154482;-408,6346707;0,152392154;-1;63,41036224;-3,379923103;3,543283186;775,1419495;725,3711977;-0,661776279;-1,309251156;428,192423;-76,10395549;217,5906969;-1,423500428;-1867,514508;-2454,162401;586,6478924;-0,267539745;-1,336666667;72,93634921;-0,634199179;4,177616227;650,7073592;644,0330011;-0,774888971;-1,434702811;439,8700207;-135,185719;310,0156402;-1,03814873;-851,1222051;-1317,132016;466,0098111;0,42386485;-1,636666667;82,18354839;5,043614057;3,675320412;337,6320221;382,4587549;-1,692201928;-1,157376781;395,7966013;-141,4912199;258,9145045;-0,667865859;-798,7706602;-1945,918846;1147,148186;0,900053235;-1,376666667;68,83416182;8,381107399;4,527623403;10,49650017;10,38233167;-1,404704828;#NUM!;10,02272419;7,529865399;9,119944379;-5,785506526;9,685775947;9,528805488;7,756619511;1,897653452;1,098612289;6,426104013;4,543476312;4,516185805;10,46038518;10,34671752;#NUM!;#NUM!;9,984884042;7,459833356;9,14566884;-1,650128722;9,74707738;9,594079427;7,794222825;1,829194037;1,098612289;6,436824744;4,573992688;4,513361533;10,52103097;10,40325373;-1,548829845;-3,407764593;10,07298547;7,711156489;9,228534497;-0,660176825;9,825490299;9,761004365;7,052112441;1,825451598;1,114048097;6,393890903;4,582516805;4,49943012;10,42694162;10,30780353;#NUM!;-1,451254542;9,985414972;7,522724889;9,097427442;-0,141664564;9,792094461;9,750727291;6,586214468;1,911104237;1,287394412;6,356638994;4,603234761;0,036454242;0,023786401;0,025874666;1,75609419;#NUM!;0,02326118;-0,011383951;0,018649676;-6,058309375;-0,202696276;-0,209589887;-0,161144771;0,023111661;-0,287682072;0,108303974;-0,035318979;0,039500304;0,022457486;0,023558279;#NUM!;#NUM!;0,019933347;-0,042884199;0,023486421;-2,129789086;-0,103625304;-0,154611436;0,276759068;-0,042054778;-0,368493715;0,124210824;-0,006521522;0,046874809;0,017701011;0,019729203;-1,536135059;-3,791541506;0,018738944;-0,058775017;0,030915619;-1,101593642;-0,044981252;-0,07319606;0,516454926;0,070748311;-0,42996201;0,147791952;0,052970204;0,041710302;0,010052207;0,012845434;#NUM!;-1,781746773;0,018401411;-0,073713426;0,029414774;-0,570701784;-0,043676789;-0,107377273;#NUM!;0,142869877;-0,3220435;0,127197521;0,08770992
sept.2015;93,71;34.530;30.916;0,33;0,07;22.256;1.878;9.038;0;14.235;15.390;-1.154;6,5;3,00;676;99,0;0,28;-0,22;4,16;4,26;3,17;92,53837307;36188,62691;32284,14977;0,245439493;-0,063151447;22532,72988;1862,854745;9135,693462;0,003071754;16087,14761;13750,15654;2336,991065;6,670224066;3;617,762459;94,01706539;91,48598629;34904,99363;31154,61043;-0,419402872;-0,06955091;21696,01846;1736,858596;9373,753106;0,192025189;17104,16671;14677,62387;2426,542843;6,228864403;3;624,4209524;96,93035086;91,22796952;37087,34085;32966,71611;0,212496482;0,033115144;23694,19764;2233,123348;10183,60647;0,51675995;18499,33934;17344,04268;1155,296663;6,205596819;3,046666667;598,1795161;97,76012806;89,96584696;33756,95055;29965,5459;-0,360206427;0,234276194;21707,5406;1849,60039;8932,284303;0,867912337;17891,74051;17166,70947;725,0310405;6,760549926;3,623333333;576,306129;99,80664466;3,745825678;772,9758009;950,2423453;0,69341729;-0,164799387;548,0242258;28,51577658;106,2070463;-0,990795805;-3656,255138;-1776,950649;-1879,304489;-0,216550211;-0,623333333;99,94090222;-0,816135107;3,312668958;850,6402631;824,6271066;0,203047637;-0,747549781;518,0888385;-21,32781357;168,7988135;-1,310569479;-3614,789153;-3206,154482;-408,6346707;0,152392154;-1;63,41036224;-3,379923103;3,543283186;775,1419495;725,3711977;-0,661776279;-1,309251156;428,192423;-76,10395549;217,5906969;-1,423500428;-1867,514508;-2454,162401;586,6478924;-0,267539745;-1,336666667;72,93634921;-0,634199179;4,177616227;650,7073592;644,0330011;-0,774888971;-1,434702811;439,8700207;-135,185719;310,0156402;-1,03814873;-851,1222051;-1317,132016;466,0098111;0,42386485;-1,636666667;82,18354839;5,043614057;4,540222756;10,44958166;10,33902228;-1,098979765;-2,666762284;10,01034736;7,538024515;9,109247553;#NUM!;9,563493096;9,641457555;#NUM!;1,878548556;1,098612289;6,51655844;4,595023982;4,527623403;10,49650017;10,38233167;-1,404704828;#NUM!;10,02272419;7,529865399;9,119944379;-5,785506526;9,685775947;9,528805488;7,756619511;1,897653452;1,098612289;6,426104013;4,543476312;4,516185805;10,46038518;10,34671752;#NUM!;#NUM!;9,984884042;7,459833356;9,14566884;-1,650128722;9,74707738;9,594079427;7,794222825;1,829194037;1,098612289;6,436824744;4,573992688;4,513361533;10,52103097;10,40325373;-1,548829845;-3,407764593;10,07298547;7,711156489;9,228534497;-0,660176825;9,825490299;9,761004365;7,052112441;1,825451598;1,114048097;6,393890903;4,582516805;0,040792636;0,02264004;0,031218748;#NUM!;-1,215507742;0,024932389;0,015299625;0,011820111;#NUM!;-0,228601365;-0,109269736;#NUM!;-0,032555681;-0,188782124;0,159919447;-0,008210778;0,036454242;0,023786401;0,025874666;1,75609419;#NUM!;0,02326118;-0,011383951;0,018649676;-6,058309375;-0,202696276;-0,209589887;-0,161144771;0,023111661;-0,287682072;0,108303974;-0,035318979;0,039500304;0,022457486;0,023558279;#NUM!;#NUM!;0,019933347;-0,042884199;0,023486421;-2,129789086;-0,103625304;-0,154611436;0,276759068;-0,042054778;-0,368493715;0,124210824;-0,006521522;0,046874809;0,017701011;0,019729203;-1,536135059;-3,791541506;0,018738944;-0,058775017;0,030915619;-1,101593642;-0,044981252;-0,07319606;0,516454926;0,070748311;-0,42996201;0,147791952;0,052970204
dic.2015;94,54;37.921;33.836;0,26;0,16;24.083;2.250;10.253;0;14.608;14.791;-183;5,9;3,24;698;98,9;-0,37;-0,58;3,63;4,80;2,64;93,71167264;34529,92635;30915,78825;0,333210864;0,069476808;22255,56483;1878,116167;9038,49135;-0,122883468;14235,48537;15389,75882;-1154,273449;6,543999715;3;676,2470313;98,99050955;92,53837307;36188,62691;32284,14977;0,245439493;-0,063151447;22532,72988;1862,854745;9135,693462;0,003071754;16087,14761;13750,15654;2336,991065;6,670224066;3;617,762459;94,01706539;91,48598629;34904,99363;31154,61043;-0,419402872;-0,06955091;21696,01846;1736,858596;9373,753106;0,192025189;17104,16671;14677,62387;2426,542843;6,228864403;3;624,4209524;96,93035086;91,22796952;37087,34085;32966,71611;0,212496482;0,033115144;23694,19764;2233,123348;10183,60647;0,51675995;18499,33934;17344,04268;1155,296663;6,205596819;3,046666667;598,1795161;97,76012806;3,308335441;833,7065787;869,7375025;0,050916467;0,130544761;388,5443613;17,09276607;68,94194594;-0,915469866;-3891,048721;-2552,616043;-1338,432677;-0,335177604;0,196666667;99,56903226;1,109754199;3,745825678;772,9758009;950,2423453;0,69341729;-0,164799387;548,0242258;28,51577658;106,2070463;-0,990795805;-3656,255138;-1776,950649;-1879,304489;-0,216550211;-0,623333333;99,94090222;-0,816135107;3,312668958;850,6402631;824,6271066;0,203047637;-0,747549781;518,0888385;-21,32781357;168,7988135;-1,310569479;-3614,789153;-3206,154482;-408,6346707;0,152392154;-1;63,41036224;-3,379923103;3,543283186;775,1419495;725,3711977;-0,661776279;-1,309251156;428,192423;-76,10395549;217,5906969;-1,423500428;-1867,514508;-2454,162401;586,6478924;-0,267539745;-1,336666667;72,93634921;-0,634199179;4,54898394;10,54326158;10,42929401;-1,334032329;-1,809964759;10,08925076;7,718781541;9,23528158;#NUM!;9,589344497;9,601803011;#NUM!;1,769926048;1,176601608;6,547858792;4,593804665;4,540222756;10,44958166;10,33902228;-1,098979765;-2,666762284;10,01034736;7,538024515;9,109247553;#NUM!;9,563493096;9,641457555;#NUM!;1,878548556;1,098612289;6,51655844;4,595023982;4,527623403;10,49650017;10,38233167;-1,404704828;#NUM!;10,02272419;7,529865399;9,119944379;-5,785506526;9,685775947;9,528805488;7,756619511;1,897653452;1,098612289;6,426104013;4,543476312;4,516185805;10,46038518;10,34671752;#NUM!;#NUM!;9,984884042;7,459833356;9,14566884;-1,650128722;9,74707738;9,594079427;7,794222825;1,829194037;1,098612289;6,436824744;4,573992688;0,035622407;0,022230605;0,026040281;0,214797516;1,597799834;0,016265292;0,007625052;0,006747082;#NUM!;-0,236145802;-0,159201354;#NUM!;-0,05552555;0,062553511;0,153967889;0,01128786;0,040792636;0,02264004;0,031218748;#NUM!;-1,215507742;0,024932389;0,015299625;0,011820111;#NUM!;-0,228601365;-0,109269736;#NUM!;-0,032555681;-0,188782124;0,159919447;-0,008210778;0,036454242;0,023786401;0,025874666;1,75609419;#NUM!;0,02326118;-0,011383951;0,018649676;-6,058309375;-0,202696276;-0,209589887;-0,161144771;0,023111661;-0,287682072;0,108303974;-0,035318979;0,039500304;0,022457486;0,023558279;#NUM!;#NUM!;0,019933347;-0,042884199;0,023486421;-2,129789086;-0,103625304;-0,154611436;0,276759068;-0,042054778;-0,368493715;0,124210824;-0,006521522
mar.2016;95,02;35.941;32.158;0,28;0,38;22.450;1.890;9.625;0;15.071;13.016;2.054;6,5;3,50;702;96,5;-0,22;-1,51;3,86;4,03;3,22;94,53630496;37921,04742;33836,45361;0,263412949;0,163659904;24082,742;2250,216114;10252,54842;-0,398709916;14608,29062;14791,42664;-183,1360142;5,870419215;3,243333333;697,7485484;98,86988226;93,71167264;34529,92635;30915,78825;0,333210864;0,069476808;22255,56483;1878,116167;9038,49135;-0,122883468;14235,48537;15389,75882;-1154,273449;6,543999715;3;676,2470313;98,99050955;92,53837307;36188,62691;32284,14977;0,245439493;-0,063151447;22532,72988;1862,854745;9135,693462;0,003071754;16087,14761;13750,15654;2336,991065;6,670224066;3;617,762459;94,01706539;91,48598629;34904,99363;31154,61043;-0,419402872;-0,06955091;21696,01846;1736,858596;9373,753106;0,192025189;17104,16671;14677,62387;2426,542843;6,228864403;3;624,4209524;96,93035086;3,532662366;1035,949131;1003,118566;0,696558097;0,454435559;753,9269113;153,6057055;250,9134502;-0,443150121;-2033,465491;-1661,358045;-372,1074462;0,261634661;0,5;77,64619048;-0,38697675;3,308335441;833,7065787;869,7375025;0,050916467;0,130544761;388,5443613;17,09276607;68,94194594;-0,915469866;-3891,048721;-2552,616043;-1338,432677;-0,335177604;0,196666667;99,56903226;1,109754199;3,745825678;772,9758009;950,2423453;0,69341729;-0,164799387;548,0242258;28,51577658;106,2070463;-0,990795805;-3656,255138;-1776,950649;-1879,304489;-0,216550211;-0,623333333;99,94090222;-0,816135107;3,312668958;850,6402631;824,6271066;0,203047637;-0,747549781;518,0888385;-21,32781357;168,7988135;-1,310569479;-3614,789153;-3206,154482;-408,6346707;0,152392154;-1;63,41036224;-3,379923103;4,554073174;10,48963239;10,37840811;-1,283177549;-0,954811602;10,01904346;7,54457774;9,172084515;#NUM!;9,620507821;9,473955071;7,627756343;1,870339425;1,252762968;6,554029045;4,56999238;4,54898394;10,54326158;10,42929401;-1,334032329;-1,809964759;10,08925076;7,718781541;9,23528158;#NUM!;9,589344497;9,601803011;#NUM!;1,769926048;1,176601608;6,547858792;4,593804665;4,540222756;10,44958166;10,33902228;-1,098979765;-2,666762284;10,01034736;7,538024515;9,109247553;#NUM!;9,563493096;9,641457555;#NUM!;1,878548556;1,098612289;6,51655844;4,595023982;4,527623403;10,49650017;10,38233167;-1,404704828;#NUM!;10,02272419;7,529865399;9,119944379;-5,785506526;9,685775947;9,528805488;7,756619511;1,897653452;1,098612289;6,426104013;4,543476312;0,037887369;0,02924721;0,031690584;#NUM!;#NUM!;0,034159418;0,084744384;0,026415675;#NUM!;-0,126569559;-0,120124356;-0,166466482;0,041145388;0,15415068;0,1172043;-0,004000308;0,035622407;0,022230605;0,026040281;0,214797516;1,597799834;0,016265292;0,007625052;0,006747082;#NUM!;-0,236145802;-0,159201354;#NUM!;-0,05552555;0,062553511;0,153967889;0,01128786;0,040792636;0,02264004;0,031218748;#NUM!;-1,215507742;0,024932389;0,015299625;0,011820111;#NUM!;-0,228601365;-0,109269736;#NUM!;-0,032555681;-0,188782124;0,159919447;-0,008210778;0,036454242;0,023786401;0,025874666;1,75609419;#NUM!;0,02326118;-0,011383951;0,018649676;-6,058309375;-0,202696276;-0,209589887;-0,161144771;0,023111661;-0,287682072;0,108303974;-0,035318979
jun.2016;95,85;36.647;32.886;-0,37;0,32;23.034;1.936;9.273;0;14.811;13.180;1.631;7,0;3,50;678;95,6;-0,58;-1,74;3,58;3,71;1,86;95,01864866;35940,94276;32157,729;0,277155225;0,384884649;22449,94537;1890,464302;9624,666556;-0,251124932;15070,70122;13016,26582;2054,435397;6,490499064;3,5;702,0671429;96,54337411;94,53630496;37921,04742;33836,45361;0,263412949;0,163659904;24082,742;2250,216114;10252,54842;-0,398709916;14608,29062;14791,42664;-183,1360142;5,870419215;3,243333333;697,7485484;98,86988226;93,71167264;34529,92635;30915,78825;0,333210864;0,069476808;22255,56483;1878,116167;9038,49135;-0,122883468;14235,48537;15389,75882;-1154,273449;6,543999715;3;676,2470313;98,99050955;92,53837307;36188,62691;32284,14977;0,245439493;-0,063151447;22532,72988;1862,854745;9135,693462;0,003071754;16087,14761;13750,15654;2336,991065;6,670224066;3;617,762459;94,01706539;3,308402737;458,3274705;601,9843023;-0,610587304;0,379686088;501,6217182;72,67116255;137,3982414;-0,364672742;-1276,540807;-570,2498089;-706,2909979;0,347796168;0,5;59,92879098;1,559456565;3,532662366;1035,949131;1003,118566;0,696558097;0,454435559;753,9269113;153,6057055;250,9134502;-0,443150121;-2033,465491;-1661,358045;-372,1074462;0,261634661;0,5;77,64619048;-0,38697675;3,308335441;833,7065787;869,7375025;0,050916467;0,130544761;388,5443613;17,09276607;68,94194594;-0,915469866;-3891,048721;-2552,616043;-1338,432677;-0,335177604;0,196666667;99,56903226;1,109754199;3,745825678;772,9758009;950,2423453;0,69341729;-0,164799387;548,0242258;28,51577658;106,2070463;-0,990795805;-3656,255138;-1776,950649;-1879,304489;-0,216550211;-0,623333333;99,94090222;-0,816135107;4,562750831;10,5090856;10,40080639;#NUM!;-1,150322593;10,04474193;7,568134355;9,13487212;#NUM!;9,603098879;9,486448732;7,396764691;1,94848116;1,252762968;6,518691801;4,559927204;4,554073174;10,48963239;10,37840811;-1,283177549;-0,954811602;10,01904346;7,54457774;9,172084515;#NUM!;9,620507821;9,473955071;7,627756343;1,870339425;1,252762968;6,554029045;4,56999238;4,54898394;10,54326158;10,42929401;-1,334032329;-1,809964759;10,08925076;7,718781541;9,23528158;#NUM!;9,589344497;9,601803011;#NUM!;1,769926048;1,176601608;6,547858792;4,593804665;4,540222756;10,44958166;10,33902228;-1,098979765;-2,666762284;10,01034736;7,538024515;9,109247553;#NUM!;9,563493096;9,641457555;#NUM!;1,878548556;1,098612289;6,51655844;4,595023982;0,035127429;0,012585429;0,018474722;#NUM!;#NUM!;0,022017736;0,038268956;0,014927741;#NUM!;-0,082677068;-0,042356756;-0,359854821;0,050827708;0,15415068;0,092587788;0,016450891;0,037887369;0,02924721;0,031690584;#NUM!;#NUM!;0,034159418;0,084744384;0,026415675;#NUM!;-0,126569559;-0,120124356;-0,166466482;0,041145388;0,15415068;0,1172043;-0,004000308;0,035622407;0,022230605;0,026040281;0,214797516;1,597799834;0,016265292;0,007625052;0,006747082;#NUM!;-0,236145802;-0,159201354;#NUM!;-0,05552555;0,062553511;0,153967889;0,01128786;0,040792636;0,02264004;0,031218748;#NUM!;-1,215507742;0,024932389;0,015299625;0,011820111;#NUM!;-0,228601365;-0,109269736;#NUM!;-0,032555681;-0,188782124;0,159919447;-0,008210778
sept.2016;96,33;35.144;31.479;-0,22;0,24;22.756;1.940;9.219;0;14.516;14.715;-199;7,0;3,50;662;93,3;-1,51;-0,84;2,79;4,16;1,82;95,84677581;36646,95438;32886,13407;-0,365147811;0,316534641;23034,3516;1935,525907;9273,091703;-0,361600988;14810,6068;13179,90673;1630,700067;7,018020234;3,5;677,69125;95,57652195;95,01864866;35940,94276;32157,729;0,277155225;0,384884649;22449,94537;1890,464302;9624,666556;-0,251124932;15070,70122;13016,26582;2054,435397;6,490499064;3,5;702,0671429;96,54337411;94,53630496;37921,04742;33836,45361;0,263412949;0,163659904;24082,742;2250,216114;10252,54842;-0,398709916;14608,29062;14791,42664;-183,1360142;5,870419215;3,243333333;697,7485484;98,86988226;93,71167264;34529,92635;30915,78825;0,333210864;0,069476808;22255,56483;1878,116167;9038,49135;-0,122883468;14235,48537;15389,75882;-1154,273449;6,543999715;3;676,2470313;98,99050955;2,617040827;614,5309034;563,2678016;-0,556811096;0,170594589;500,6073258;61,78177747;180,3794392;-0,333856;280,3150934;-675,0977206;955,412814;0,486720163;0,5;-14,59421875;-5,693120646;3,308402737;458,3274705;601,9843023;-0,610587304;0,379686088;501,6217182;72,67116255;137,3982414;-0,364672742;-1276,540807;-570,2498089;-706,2909979;0,347796168;0,5;59,92879098;1,559456565;3,532662366;1035,949131;1003,118566;0,696558097;0,454435559;753,9269113;153,6057055;250,9134502;-0,443150121;-2033,465491;-1661,358045;-372,1074462;0,261634661;0,5;77,64619048;-0,38697675;3,308335441;833,7065787;869,7375025;0,050916467;0,130544761;388,5443613;17,09276607;68,94194594;-0,915469866;-3891,048721;-2552,616043;-1338,432677;-0,335177604;0,196666667;99,56903226;1,109754199;4,567766441;10,4672222;10,35707772;#NUM!;-1,426818914;10,03259169;7,570390645;9,129007835;#NUM!;9,582993022;9,596599629;#NUM!;1,950289101;1,252762968;6,494740966;4,535792121;4,562750831;10,5090856;10,40080639;#NUM!;-1,150322593;10,04474193;7,568134355;9,13487212;#NUM!;9,603098879;9,486448732;7,396764691;1,94848116;1,252762968;6,518691801;4,559927204;4,554073174;10,48963239;10,37840811;-1,283177549;-0,954811602;10,01904346;7,54457774;9,172084515;#NUM!;9,620507821;9,473955071;7,627756343;1,870339425;1,252762968;6,554029045;4,56999238;4,54898394;10,54326158;10,42929401;-1,334032329;-1,809964759;10,08925076;7,718781541;9,23528158;#NUM!;9,589344497;9,601803011;#NUM!;1,769926048;1,176601608;6,547858792;4,593804665;0,027543685;0,017640539;0,018055437;#NUM!;1,23994337;0,02224433;0,03236613;0,019760282;#NUM!;0,019499926;-0,044857926;#NUM!;0,071740546;0,15415068;-0,021817474;-0,059231861;0,035127429;0,012585429;0,018474722;#NUM!;#NUM!;0,022017736;0,038268956;0,014927741;#NUM!;-0,082677068;-0,042356756;-0,359854821;0,050827708;0,15415068;0,092587788;0,016450891;0,037887369;0,02924721;0,031690584;#NUM!;#NUM!;0,034159418;0,084744384;0,026415675;#NUM!;-0,126569559;-0,120124356;-0,166466482;0,041145388;0,15415068;0,1172043;-0,004000308;0,035622407;0,022230605;0,026040281;0,214797516;1,597799834;0,016265292;0,007625052;0,006747082;#NUM!;-0,236145802;-0,159201354;#NUM!;-0,05552555;0,062553511;0,153967889;0,01128786
dic.2016;96,65;38.268;34.322;-0,58;0,12;24.778;2.346;10.555;0;16.321;14.944;1.377;6,2;3,50;666;92,1;-1,74;-0,91;2,24;3,63;1,43;96,32871346;35144,45725;31479,05605;-0,223600232;0,240071397;22756,17216;1939,897944;9218,870789;-0,456739468;14515,80046;14714,6611;-198,8606349;7,030719878;3,5;661,6528125;93,29738891;95,84677581;36646,95438;32886,13407;-0,365147811;0,316534641;23034,3516;1935,525907;9273,091703;-0,361600988;14810,6068;13179,90673;1630,700067;7,018020234;3,5;677,69125;95,57652195;95,01864866;35940,94276;32157,729;0,277155225;0,384884649;22449,94537;1890,464302;9624,666556;-0,251124932;15070,70122;13016,26582;2054,435397;6,490499064;3,5;702,0671429;96,54337411;94,53630496;37921,04742;33836,45361;0,263412949;0,163659904;24082,742;2250,216114;10252,54842;-0,398709916;14608,29062;14791,42664;-183,1360142;5,870419215;3,243333333;697,7485484;98,86988226;2,11670341;347,3686733;485,1524899;-0,839845351;-0,040197187;694,9534794;95,81870753;302,6823453;0,068864114;1712,933249;152,4733011;1560,459948;0,329993515;0,256666667;-31,95313855;-6,814327197;2,617040827;614,5309034;563,2678016;-0,556811096;0,170594589;500,6073258;61,78177747;180,3794392;-0,333856;280,3150934;-675,0977206;955,412814;0,486720163;0,5;-14,59421875;-5,693120646;3,308402737;458,3274705;601,9843023;-0,610587304;0,379686088;501,6217182;72,67116255;137,3982414;-0,364672742;-1276,540807;-570,2498089;-706,2909979;0,347796168;0,5;59,92879098;1,559456565;3,532662366;1035,949131;1003,118566;0,696558097;0,454435559;753,9269113;153,6057055;250,9134502;-0,443150121;-2033,465491;-1661,358045;-372,1074462;0,261634661;0,5;77,64619048;-0,38697675;4,571127332;10,55238019;10,44353035;#NUM!;-2,09181605;10,11769915;7,760481872;9,264376823;#NUM!;9,700221618;9,612058465;7,227897717;1,824615859;1,252762968;6,500982431;4,522392254;4,567766441;10,4672222;10,35707772;#NUM!;-1,426818914;10,03259169;7,570390645;9,129007835;#NUM!;9,582993022;9,596599629;#NUM!;1,950289101;1,252762968;6,494740966;4,535792121;4,562750831;10,5090856;10,40080639;#NUM!;-1,150322593;10,04474193;7,568134355;9,13487212;#NUM!;9,603098879;9,486448732;7,396764691;1,94848116;1,252762968;6,518691801;4,559927204;4,554073174;10,48963239;10,37840811;-1,283177549;-0,954811602;10,01904346;7,54457774;9,172084515;#NUM!;9,620507821;9,473955071;7,627756343;1,870339425;1,252762968;6,554029045;4,56999238;0,022143391;0,009118612;0,014236341;#NUM!;-0,281851292;0,028448388;0,041700331;0,029095243;#NUM!;0,11087712;0,010255454;#NUM!;0,054689811;0,076161361;-0,046876361;-0,071412411;0,027543685;0,017640539;0,018055437;#NUM!;1,23994337;0,02224433;0,03236613;0,019760282;#NUM!;0,019499926;-0,044857926;#NUM!;0,071740546;0,15415068;-0,021817474;-0,059231861;0,035127429;0,012585429;0,018474722;#NUM!;#NUM!;0,022017736;0,038268956;0,014927741;#NUM!;-0,082677068;-0,042356756;-0,359854821;0,050827708;0,15415068;0,092587788;0,016450891;0,037887369;0,02924721;0,031690584;#NUM!;#NUM!;0,034159418;0,084744384;0,026415675;#NUM!;-0,126569559;-0,120124356;-0,166466482;0,041145388;0,15415068;0,1172043;-0,004000308
mar.2017;97,37;35.802;32.453;-1,51;-0,12;23.176;2.081;9.923;0;15.676;14.632;1.044;7,0;3,29;656;91,4;-0,84;-0,69;2,47;3,86;0,92;96,65300837;38268,4161;34321,6061;-0,576432402;0,123462718;24777,69548;2346,034821;10555,23076;-0,329845802;16321,22387;14943,89994;1377,323934;6,20041273;3,5;665,7954098;92,05555507;96,32871346;35144,45725;31479,05605;-0,223600232;0,240071397;22756,17216;1939,897944;9218,870789;-0,456739468;14515,80046;14714,6611;-198,8606349;7,030719878;3,5;661,6528125;93,29738891;95,84677581;36646,95438;32886,13407;-0,365147811;0,316534641;23034,3516;1935,525907;9273,091703;-0,361600988;14810,6068;13179,90673;1630,700067;7,018020234;3,5;677,69125;95,57652195;95,01864866;35940,94276;32157,729;0,277155225;0,384884649;22449,94537;1890,464302;9624,666556;-0,251124932;15070,70122;13016,26582;2054,435397;6,490499064;3,5;702,0671429;96,54337411;2,347798669;-138,5289723;295,2253539;-1,788619351;-0,504912387;725,7944027;190,9710844;298,1751673;0,089988902;605,6645128;1615,864455;-1010,199942;0,549729886;-0,206666667;-46,49011161;-5,154176899;2,11670341;347,3686733;485,1524899;-0,839845351;-0,040197187;694,9534794;95,81870753;302,6823453;0,068864114;1712,933249;152,4733011;1560,459948;0,329993515;0,256666667;-31,95313855;-6,814327197;2,617040827;614,5309034;563,2678016;-0,556811096;0,170594589;500,6073258;61,78177747;180,3794392;-0,333856;280,3150934;-675,0977206;955,412814;0,486720163;0,5;-14,59421875;-5,693120646;3,308402737;458,3274705;601,9843023;-0,610587304;0,379686088;501,6217182;72,67116255;137,3982414;-0,364672742;-1276,540807;-570,2498089;-706,2909979;0,347796168;0,5;59,92879098;1,559456565;4,578481668;10,48577059;10,38754676;#NUM!;#NUM!;10,05086131;7,640813024;9,202594623;#NUM!;9,65990949;9,590975094;6,951040274;1,951640691;1,191900223;6,485515812;4,515127279;4,571127332;10,55238019;10,44353035;#NUM!;-2,09181605;10,11769915;7,760481872;9,264376823;#NUM!;9,700221618;9,612058465;7,227897717;1,824615859;1,252762968;6,500982431;4,522392254;4,567766441;10,4672222;10,35707772;#NUM!;-1,426818914;10,03259169;7,570390645;9,129007835;#NUM!;9,582993022;9,596599629;#NUM!;1,950289101;1,252762968;6,494740966;4,535792121;4,562750831;10,5090856;10,40080639;#NUM!;-1,150322593;10,04474193;7,568134355;9,13487212;#NUM!;9,603098879;9,486448732;7,396764691;1,94848116;1,252762968;6,518691801;4,559927204;0,024408494;-0,003861797;0,009138656;#NUM!;#NUM!;0,031817851;0,096235284;0,030510108;#NUM!;0,039401668;0,117020022;-0,676716069;0,081301266;-0,060862745;-0,068513233;-0,054865101;0,022143391;0,009118612;0,014236341;#NUM!;-0,281851292;0,028448388;0,041700331;0,029095243;#NUM!;0,11087712;0,010255454;#NUM!;0,054689811;0,076161361;-0,046876361;-0,071412411;0,027543685;0,017640539;0,018055437;#NUM!;1,23994337;0,02224433;0,03236613;0,019760282;#NUM!;0,019499926;-0,044857926;#NUM!;0,071740546;0,15415068;-0,021817474;-0,059231861;0,035127429;0,012585429;0,018474722;#NUM!;#NUM!;0,022017736;0,038268956;0,014927741;#NUM!;-0,082677068;-0,042356756;-0,359854821;0,050827708;0,15415068;0,092587788;0,016450891
jun.2017;97,74;36.797;33.141;-1,74;-0,38;23.765;2.166;9.611;0;16.381;14.635;1.746;7,3;2,68;665;93,3;-0,91;-0,21;1,97;3,58;0,77;97,36644732;35802,41379;32452,95435;-1,511464126;-0,120027738;23175,73977;2081,435386;9922,841723;-0,16113603;15676,36573;14632,13028;1044,235455;7,04022895;3,293333333;655,5770313;91,38919721;96,65300837;38268,4161;34321,6061;-0,576432402;0,123462718;24777,69548;2346,034821;10555,23076;-0,329845802;16321,22387;14943,89994;1377,323934;6,20041273;3,5;665,7954098;92,05555507;96,32871346;35144,45725;31479,05605;-0,223600232;0,240071397;22756,17216;1939,897944;9218,870789;-0,456739468;14515,80046;14714,6611;-198,8606349;7,030719878;3,5;661,6528125;93,29738891;95,84677581;36646,95438;32886,13407;-0,365147811;0,316534641;23034,3516;1935,525907;9273,091703;-0,361600988;14810,6068;13179,90673;1630,700067;7,018020234;3,5;677,69125;95,57652195;1,892857937;149,9087848;254,7823342;-1,375084209;-0,694097339;730,7369938;230,0733793;338,233142;0,381065301;1570,036945;1454,942001;115,0949443;0,294499124;-0,823333333;-13,01141393;-2,249274658;2,347798669;-138,5289723;295,2253539;-1,788619351;-0,504912387;725,7944027;190,9710844;298,1751673;0,089988902;605,6645128;1615,864455;-1010,199942;0,549729886;-0,206666667;-46,49011161;-5,154176899;2,11670341;347,3686733;485,1524899;-0,839845351;-0,040197187;694,9534794;95,81870753;302,6823453;0,068864114;1712,933249;152,4733011;1560,459948;0,329993515;0,256666667;-31,95313855;-6,814327197;2,617040827;614,5309034;563,2678016;-0,556811096;0,170594589;500,6073258;61,78177747;180,3794392;-0,333856;280,3150934;-675,0977206;955,412814;0,486720163;0,5;-14,59421875;-5,693120646;4,582307145;10,51316788;10,40852394;#NUM!;#NUM!;10,07597292;7,680452409;9,170697354;-3,939172622;9,703855657;9,591160863;7,464965325;1,98958786;0,984572239;6,499305475;4,536112105;4,578481668;10,48577059;10,38754676;#NUM!;#NUM!;10,05086131;7,640813024;9,202594623;#NUM!;9,65990949;9,590975094;6,951040274;1,951640691;1,191900223;6,485515812;4,515127279;4,571127332;10,55238019;10,44353035;#NUM!;-2,09181605;10,11769915;7,760481872;9,264376823;#NUM!;9,700221618;9,612058465;7,227897717;1,824615859;1,252762968;6,500982431;4,522392254;4,567766441;10,4672222;10,35707772;#NUM!;-1,426818914;10,03259169;7,570390645;9,129007835;#NUM!;9,582993022;9,596599629;#NUM!;1,950289101;1,252762968;6,494740966;4,535792121;0,019556314;0,004082277;0,007717552;#NUM!;#NUM!;0,031230988;0,112318054;0,035825234;#NUM!;0,100756779;0,104712132;0,068200634;0,0411067;-0,268190729;-0,019386326;-0,023815099;0,024408494;-0,003861797;0,009138656;#NUM!;#NUM!;0,031817851;0,096235284;0,030510108;#NUM!;0,039401668;0,117020022;-0,676716069;0,081301266;-0,060862745;-0,068513233;-0,054865101;0,022143391;0,009118612;0,014236341;#NUM!;-0,281851292;0,028448388;0,041700331;0,029095243;#NUM!;0,11087712;0,010255454;#NUM!;0,054689811;0,076161361;-0,046876361;-0,071412411;0,027543685;0,017640539;0,018055437;#NUM!;1,23994337;0,02224433;0,03236613;0,019760282;#NUM!;0,019499926;-0,044857926;#NUM!;0,071740546;0,15415068;-0,021817474;-0,059231861
sept.2017;97,83;35.813;31.965;-0,84;-0,45;23.540;2.202;9.536;0;17.559;15.591;1.967;7,0;2,50;643;92,1;-0,69;-1,16;1,56;2,79;1,54;97,73963375;36796,86317;33140,9164;-1,74023202;-0,377562698;23765,08859;2165,599287;9611,324845;0,019464312;16380,64374;14634,84873;1745,795011;7,312519358;2,676666667;664,6798361;93,32724729;97,36644732;35802,41379;32452,95435;-1,511464126;-0,120027738;23175,73977;2081,435386;9922,841723;-0,16113603;15676,36573;14632,13028;1044,235455;7,04022895;3,293333333;655,5770313;91,38919721;96,65300837;38268,4161;34321,6061;-0,576432402;0,123462718;24777,69548;2346,034821;10555,23076;-0,329845802;16321,22387;14943,89994;1377,323934;6,20041273;3,5;665,7954098;92,05555507;96,32871346;35144,45725;31479,05605;-0,223600232;0,240071397;22756,17216;1939,897944;9218,870789;-0,456739468;14515,80046;14714,6611;-198,8606349;7,030719878;3,5;661,6528125;93,29738891;1,505586477;668,4603979;486,208302;-0,614545532;-0,685972024;784,2255732;262,0856349;316,8452857;0,717929173;3043,111812;876,8002503;2166,311561;-0,035422899;-1;-18,42361895;-1,229900617;1,892857937;149,9087848;254,7823342;-1,375084209;-0,694097339;730,7369938;230,0733793;338,233142;0,381065301;1570,036945;1454,942001;115,0949443;0,294499124;-0,823333333;-13,01141393;-2,249274658;2,347798669;-138,5289723;295,2253539;-1,788619351;-0,504912387;725,7944027;190,9710844;298,1751673;0,089988902;605,6645128;1615,864455;-1010,199942;0,549729886;-0,206666667;-46,49011161;-5,154176899;2,11670341;347,3686733;485,1524899;-0,839845351;-0,040197187;694,9534794;95,81870753;302,6823453;0,068864114;1712,933249;152,4733011;1560,459948;0,329993515;0,256666667;-31,95313855;-6,814327197;4,583275231;10,48606394;10,3724051;#NUM!;#NUM!;10,06647328;7,69711386;9,162799615;-1,342508294;9,773316922;9,654478694;7,584494038;1,945238063;0,916290732;6,466501105;4,522521876;4,582307145;10,51316788;10,40852394;#NUM!;#NUM!;10,07597292;7,680452409;9,170697354;-3,939172622;9,703855657;9,591160863;7,464965325;1,98958786;0,984572239;6,499305475;4,536112105;4,578481668;10,48577059;10,38754676;#NUM!;#NUM!;10,05086131;7,640813024;9,202594623;#NUM!;9,65990949;9,590975094;6,951040274;1,951640691;1,191900223;6,485515812;4,515127279;4,571127332;10,55238019;10,44353035;#NUM!;-2,09181605;10,11769915;7,760481872;9,264376823;#NUM!;9,700221618;9,612058465;7,227897717;1,824615859;1,252762968;6,500982431;4,522392254;0,01550879;0,018841739;0,015327387;#NUM!;#NUM!;0,033881585;0,126723215;0,03379178;#NUM!;0,1903239;0,057879065;#NUM!;-0,005051038;-0,336472237;-0,028239861;-0,013270245;0,019556314;0,004082277;0,007717552;#NUM!;#NUM!;0,031230988;0,112318054;0,035825234;#NUM!;0,100756779;0,104712132;0,068200634;0,0411067;-0,268190729;-0,019386326;-0,023815099;0,024408494;-0,003861797;0,009138656;#NUM!;#NUM!;0,031817851;0,096235284;0,030510108;#NUM!;0,039401668;0,117020022;-0,676716069;0,081301266;-0,060862745;-0,068513233;-0,054865101;0,022143391;0,009118612;0,014236341;#NUM!;-0,281851292;0,028448388;0,041700331;0,029095243;#NUM!;0,11087712;0,010255454;#NUM!;0,054689811;0,076161361;-0,046876361;-0,071412411
dic.2017;98,46;39.318;35.115;-0,91;-0,27;25.709;2.581;10.952;1;19.207;16.614;2.593;6,5;2,50;633;90,9;-0,21;-1,05;1,87;2,24;2,31;97,83429994;35812,91765;31965,26435;-0,838145764;-0,445900627;23540,39773;2201,983579;9535,716075;0,261189706;17558,91228;15591,46135;1967,450926;6,995296979;2,5;643,2291935;92,06748829;97,73963375;36796,86317;33140,9164;-1,74023202;-0,377562698;23765,08859;2165,599287;9611,324845;0,019464312;16380,64374;14634,84873;1745,795011;7,312519358;2,676666667;664,6798361;93,32724729;97,36644732;35802,41379;32452,95435;-1,511464126;-0,120027738;23175,73977;2081,435386;9922,841723;-0,16113603;15676,36573;14632,13028;1044,235455;7,04022895;3,293333333;655,5770313;91,38919721;96,65300837;38268,4161;34321,6061;-0,576432402;0,123462718;24777,69548;2346,034821;10555,23076;-0,329845802;16321,22387;14943,89994;1377,323934;6,20041273;3,5;665,7954098;92,05555507;1,811266698;1049,604188;793,2173456;-0,334627113;-0,396015541;930,8158972;234,6345262;396,9705466;0,988594159;2886,049887;1669,927379;1216,122508;0,312240483;-1;-32,43540984;-1,117668793;1,505586477;668,4603979;486,208302;-0,614545532;-0,685972024;784,2255732;262,0856349;316,8452857;0,717929173;3043,111812;876,8002503;2166,311561;-0,035422899;-1;-18,42361895;-1,229900617;1,892857937;149,9087848;254,7823342;-1,375084209;-0,694097339;730,7369938;230,0733793;338,233142;0,381065301;1570,036945;1454,942001;115,0949443;0,294499124;-0,823333333;-13,01141393;-2,249274658;2,347798669;-138,5289723;295,2253539;-1,788619351;-0,504912387;725,7944027;190,9710844;298,1751673;0,089988902;605,6645128;1615,864455;-1010,199942;0,549729886;-0,206666667;-46,49011161;-5,154176899;4,589693793;10,57943822;10,46637864;#NUM!;#NUM!;10,1545774;7,855804081;9,301295748;-0,417413672;9,863044328;9,717990598;7,860742943;1,873746933;0,916290732;6,451038981;4,510176705;4,583275231;10,48606394;10,3724051;#NUM!;#NUM!;10,06647328;7,69711386;9,162799615;-1,342508294;9,773316922;9,654478694;7,584494038;1,945238063;0,916290732;6,466501105;4,522521876;4,582307145;10,51316788;10,40852394;#NUM!;#NUM!;10,07597292;7,680452409;9,170697354;-3,939172622;9,703855657;9,591160863;7,464965325;1,98958786;0,984572239;6,499305475;4,536112105;4,578481668;10,48577059;10,38754676;#NUM!;#NUM!;10,05086131;7,640813024;9,202594623;#NUM!;9,65990949;9,590975094;6,951040274;1,951640691;1,191900223;6,485515812;4,515127279;0,018566461;0,027058034;0,02284829;#NUM!;#NUM!;0,036878246;0,095322209;0,036918925;#NUM!;0,16282271;0,105932134;0,632845226;0,049131074;-0,336472237;-0,04994345;-0,012215549;0,01550879;0,018841739;0,015327387;#NUM!;#NUM!;0,033881585;0,126723215;0,03379178;#NUM!;0,1903239;0,057879065;#NUM!;-0,005051038;-0,336472237;-0,028239861;-0,013270245;0,019556314;0,004082277;0,007717552;#NUM!;#NUM!;0,031230988;0,112318054;0,035825234;#NUM!;0,100756779;0,104712132;0,068200634;0,0411067;-0,268190729;-0,019386326;-0,023815099;0,024408494;-0,003861797;0,009138656;#NUM!;#NUM!;0,031817851;0,096235284;0,030510108;#NUM!;0,039401668;0,117020022;-0,676716069;0,081301266;-0,060862745;-0,068513233;-0,054865101
mar.2018;99,11;37.401;33.543;-0,69;0,13;24.002;2.269;10.184;1;19.377;16.430;2.947;7,4;2,50;602;88,5;-1,16;-1,00;1,79;2,47;3,36;98,46427507;39318,02029;35114,82345;-0,911059515;-0,272552823;25708,51138;2580,669347;10952,20131;0,658748358;19207,27376;16613,82732;2593,446441;6,512653213;2,5;633,36;90,93788628;97,83429994;35812,91765;31965,26435;-0,838145764;-0,445900627;23540,39773;2201,983579;9535,716075;0,261189706;17558,91228;15591,46135;1967,450926;6,995296979;2,5;643,2291935;92,06748829;97,73963375;36796,86317;33140,9164;-1,74023202;-0,377562698;23765,08859;2165,599287;9611,324845;0,019464312;16380,64374;14634,84873;1745,795011;7,312519358;2,676666667;664,6798361;93,32724729;97,36644732;35802,41379;32452,95435;-1,511464126;-0,120027738;23175,73977;2081,435386;9922,841723;-0,16113603;15676,36573;14632,13028;1044,235455;7,04022895;3,293333333;655,5770313;91,38919721;1,746886009;1599,015063;1089,608381;0,821568087;0,249992462;826,390594;187,4274956;260,8241244;1,107610627;3700,691829;1798,260957;1902,430871;0,335858631;-0,793333333;-53,50147569;-2,863644657;1,811266698;1049,604188;793,2173456;-0,334627113;-0,396015541;930,8158972;234,6345262;396,9705466;0,988594159;2886,049887;1669,927379;1216,122508;0,312240483;-1;-32,43540984;-1,117668793;1,505586477;668,4603979;486,208302;-0,614545532;-0,685972024;784,2255732;262,0856349;316,8452857;0,717929173;3043,111812;876,8002503;2166,311561;-0,035422899;-1;-18,42361895;-1,229900617;1,892857937;149,9087848;254,7823342;-1,375084209;-0,694097339;730,7369938;230,0733793;338,233142;0,381065301;1570,036945;1454,942001;115,0949443;0,294499124;-0,823333333;-13,01141393;-2,249274658;4,596263977;10,52946419;10,42057044;#NUM!;-2,040492214;10,08589787;7,727034052;9,228540328;-0,055011148;9,871845045;9,706888023;7,988429751;1,99824336;0,916290732;6,400382945;4,48329124;4,589693793;10,57943822;10,46637864;#NUM!;#NUM!;10,1545774;7,855804081;9,301295748;-0,417413672;9,863044328;9,717990598;7,860742943;1,873746933;0,916290732;6,451038981;4,510176705;4,583275231;10,48606394;10,3724051;#NUM!;#NUM!;10,06647328;7,69711386;9,162799615;-1,342508294;9,773316922;9,654478694;7,584494038;1,945238063;0,916290732;6,466501105;4,522521876;4,582307145;10,51316788;10,40852394;#NUM!;#NUM!;10,07597292;7,680452409;9,170697354;-3,939172622;9,703855657;9,591160863;7,464965325;1,98958786;0,984572239;6,499305475;4,536112105;0,017782309;0,043693593;0,03302368;#NUM!;#NUM!;0,03503656;0,086221028;0,025945705;#NUM!;0,211935556;0,115912929;1,037389477;0,046602669;-0,275609491;-0,085132867;-0,031836039;0,018566461;0,027058034;0,02284829;#NUM!;#NUM!;0,036878246;0,095322209;0,036918925;#NUM!;0,16282271;0,105932134;0,632845226;0,049131074;-0,336472237;-0,04994345;-0,012215549;0,01550879;0,018841739;0,015327387;#NUM!;#NUM!;0,033881585;0,126723215;0,03379178;#NUM!;0,1903239;0,057879065;#NUM!;-0,005051038;-0,336472237;-0,028239861;-0,013270245;0,019556314;0,004082277;0,007717552;#NUM!;#NUM!;0,031230988;0,112318054;0,035825234;#NUM!;0,100756779;0,104712132;0,068200634;0,0411067;-0,268190729;-0,019386326;-0,023815099
jun.2018;99,75;38.608;34.808;-0,21;0,97;24.900;2.424;9.975;2;18.923;17.532;1.391;7,5;2,50;621;89,7;-1,05;-0,40;2,06;1,97;5,03;99,11333333;37401,42885;33542,56273;-0,689896039;0,129964725;24002,13037;2268,862882;10183,66585;0,946474597;19377,05756;16430,39123;2946,666326;7,376087581;2,5;602,0755556;88,52555255;98,46427507;39318,02029;35114,82345;-0,911059515;-0,272552823;25708,51138;2580,669347;10952,20131;0,658748358;19207,27376;16613,82732;2593,446441;6,512653213;2,5;633,36;90,93788628;97,83429994;35812,91765;31965,26435;-0,838145764;-0,445900627;23540,39773;2201,983579;9535,716075;0,261189706;17558,91228;15591,46135;1967,450926;6,995296979;2,5;643,2291935;92,06748829;97,73963375;36796,86317;33140,9164;-1,74023202;-0,377562698;23765,08859;2165,599287;9611,324845;0,019464312;16380,64374;14634,84873;1745,795011;7,312519358;2,676666667;664,6798361;93,32724729;2,013699587;1811,048089;1667,23074;1,531190013;1,344761788;1135,23957;258,8385445;363,8688664;1,532116919;2542,659307;2897,178441;-354,5191343;0,201195135;-0,176666667;-43,74221702;-3,612599252;1,746886009;1599,015063;1089,608381;0,821568087;0,249992462;826,390594;187,4274956;260,8241244;1,107610627;3700,691829;1798,260957;1902,430871;0,335858631;-0,793333333;-53,50147569;-2,863644657;1,811266698;1049,604188;793,2173456;-0,334627113;-0,396015541;930,8158972;234,6345262;396,9705466;0,988594159;2886,049887;1669,927379;1216,122508;0,312240483;-1;-32,43540984;-1,117668793;1,505586477;668,4603979;486,208302;-0,614545532;-0,685972024;784,2255732;262,0856349;316,8452857;0,717929173;3043,111812;876,8002503;2166,311561;-0,035422899;-1;-18,42361895;-1,229900617;4,602700472;10,56121249;10,45760675;#NUM!;-0,03335092;10,12263626;7,793354954;9,207856661;0,43927456;9,848149407;9,771784612;7,237976502;2,01672995;0,916290732;6,431230624;4,496634056;4,596263977;10,52946419;10,42057044;#NUM!;-2,040492214;10,08589787;7,727034052;9,228540328;-0,055011148;9,871845045;9,706888023;7,988429751;1,99824336;0,916290732;6,400382945;4,48329124;4,589693793;10,57943822;10,46637864;#NUM!;#NUM!;10,1545774;7,855804081;9,301295748;-0,417413672;9,863044328;9,717990598;7,860742943;1,873746933;0,916290732;6,451038981;4,510176705;4,583275231;10,48606394;10,3724051;#NUM!;#NUM!;10,06647328;7,69711386;9,162799615;-1,342508294;9,773316922;9,654478694;7,584494038;1,945238063;0,916290732;6,466501105;4,522521876;0,020393327;0,048044609;0,049082809;#NUM!;#NUM!;0,046663345;0,112902545;0,037159308;4,378447183;0,14429375;0,180623748;-0,226988823;0,02714209;-0,068281507;-0,068074851;-0,039478049;0,017782309;0,043693593;0,03302368;#NUM!;#NUM!;0,03503656;0,086221028;0,025945705;#NUM!;0,211935556;0,115912929;1,037389477;0,046602669;-0,275609491;-0,085132867;-0,031836039;0,018566461;0,027058034;0,02284829;#NUM!;#NUM!;0,036878246;0,095322209;0,036918925;#NUM!;0,16282271;0,105932134;0,632845226;0,049131074;-0,336472237;-0,04994345;-0,012215549;0,01550879;0,018841739;0,015327387;#NUM!;#NUM!;0,033881585;0,126723215;0,03379178;#NUM!;0,1903239;0,057879065;#NUM!;-0,005051038;-0,336472237;-0,028239861;-0,013270245
sept.2018;100,35;36.672;32.801;-1,16;1,19;24.350;2.318;9.745;2;17.581;17.846;-265;7,5;2,50;662;92,0;-1,00;-1,20;2,57;1,56;2,62;99,75333333;38607,91126;34808,14714;-0,209042007;0,96719909;24900,32816;2424,437831;9975,193712;1,551581231;18923,30305;17532,02717;1391,275877;7,513714493;2,5;620,937619;89,71464804;99,11333333;37401,42885;33542,56273;-0,689896039;0,129964725;24002,13037;2268,862882;10183,66585;0,946474597;19377,05756;16430,39123;2946,666326;7,376087581;2,5;602,0755556;88,52555255;98,46427507;39318,02029;35114,82345;-0,911059515;-0,272552823;25708,51138;2580,669347;10952,20131;0,658748358;19207,27376;16613,82732;2593,446441;6,512653213;2,5;633,36;90,93788628;97,83429994;35812,91765;31965,26435;-0,838145764;-0,445900627;23540,39773;2201,983579;9535,716075;0,261189706;17558,91228;15591,46135;1967,450926;6,995296979;2,5;643,2291935;92,06748829;2,512366726;858,5826146;836,0165434;-0,320530039;1,632340003;809,7772091;116,0300202;209,4876997;1,552078317;22,37653988;2254,517202;-2232,140662;0,474993537;0;18,82521323;-0,04570861;2,013699587;1811,048089;1667,23074;1,531190013;1,344761788;1135,23957;258,8385445;363,8688664;1,532116919;2542,659307;2897,178441;-354,5191343;0,201195135;-0,176666667;-43,74221702;-3,612599252;1,746886009;1599,015063;1089,608381;0,821568087;0,249992462;826,390594;187,4274956;260,8241244;1,107610627;3700,691829;1798,260957;1902,430871;0,335858631;-0,793333333;-53,50147569;-2,863644657;1,811266698;1049,604188;793,2173456;-0,334627113;-0,396015541;930,8158972;234,6345262;396,9705466;0,988594159;2886,049887;1669,927379;1216,122508;0,312240483;-1;-32,43540984;-1,117668793;4,608630858;10,50975517;10,39822285;#NUM!;0,170956701;10,10029431;7,748465891;9,184530522;0,595130755;9,77459048;9,789533471;#NUM!;2,010933889;0,916290732;6,495347738;4,522025285;4,602700472;10,56121249;10,45760675;#NUM!;-0,03335092;10,12263626;7,793354954;9,207856661;0,43927456;9,848149407;9,771784612;7,237976502;2,01672995;0,916290732;6,431230624;4,496634056;4,596263977;10,52946419;10,42057044;#NUM!;-2,040492214;10,08589787;7,727034052;9,228540328;-0,055011148;9,871845045;9,706888023;7,988429751;1,99824336;0,916290732;6,400382945;4,48329124;4,589693793;10,57943822;10,46637864;#NUM!;#NUM!;10,1545774;7,855804081;9,301295748;-0,417413672;9,863044328;9,717990598;7,860742943;1,873746933;0,916290732;6,451038981;4,510176705;0,025355627;0,023691237;0,025817742;#NUM!;#NUM!;0,033821036;0,051352031;0,021730908;1,937639049;0,001273558;0,135054777;#NUM!;0,065695826;0;0,028846633;-0,000496592;0,020393327;0,048044609;0,049082809;#NUM!;#NUM!;0,046663345;0,112902545;0,037159308;4,378447183;0,14429375;0,180623748;-0,226988823;0,02714209;-0,068281507;-0,068074851;-0,039478049;0,017782309;0,043693593;0,03302368;#NUM!;#NUM!;0,03503656;0,086221028;0,025945705;#NUM!;0,211935556;0,115912929;1,037389477;0,046602669;-0,275609491;-0,085132867;-0,031836039;0,018566461;0,027058034;0,02284829;#NUM!;#NUM!;0,036878246;0,095322209;0,036918925;#NUM!;0,16282271;0,105932134;0,632845226;0,049131074;-0,336472237;-0,04994345;-0,012215549
dic.2018;100,79;40.536;36.264;-1,05;1,64;26.617;2.690;11.207;2;18.827;18.689;138;7,1;2,75;679;92,7;-0,40;-5,40;2,36;1,87;3,27;100,3466667;36671,50026;32801,28089;-1,158675803;1,186439376;24350,17494;2318,013599;9745,203774;1,813268023;17581,28882;17845,97855;-264,6897358;7,470290517;2,5;662,0544068;92,02177968;99,75333333;38607,91126;34808,14714;-0,209042007;0,96719909;24900,32816;2424,437831;9975,193712;1,551581231;18923,30305;17532,02717;1391,275877;7,513714493;2,5;620,937619;89,71464804;99,11333333;37401,42885;33542,56273;-0,689896039;0,129964725;24002,13037;2268,862882;10183,66585;0,946474597;19377,05756;16430,39123;2946,666326;7,376087581;2,5;602,0755556;88,52555255;98,46427507;39318,02029;35114,82345;-0,911059515;-0,272552823;25708,51138;2580,669347;10952,20131;0,658748358;19207,27376;16613,82732;2593,446441;6,512653213;2,5;633,36;90,93788628;2,325724929;1217,846376;1149,575358;-0,138102873;1,912288201;908,3567328;109,7085739;254,8405223;1,508511201;-380,5522809;2075,28198;-2455,834261;0,633810102;0,25;45,33655738;1,806279244;2,512366726;858,5826146;836,0165434;-0,320530039;1,632340003;809,7772091;116,0300202;209,4876997;1,552078317;22,37653988;2254,517202;-2232,140662;0,474993537;0;18,82521323;-0,04570861;2,013699587;1811,048089;1667,23074;1,531190013;1,344761788;1135,23957;258,8385445;363,8688664;1,532116919;2542,659307;2897,178441;-354,5191343;0,201195135;-0,176666667;-43,74221702;-3,612599252;1,746886009;1599,015063;1089,608381;0,821568087;0,249992462;826,390594;187,4274956;260,8241244;1,107610627;3700,691829;1798,260957;1902,430871;0,335858631;-0,793333333;-53,50147569;-2,863644657;4,613039144;10,60994246;10,49859179;#NUM!;0,494534874;10,18930043;7,897436954;9,324297595;0,773463493;9,843032495;9,835696243;4,924439445;1,966617593;1,011600912;6,520174131;4,529844794;4,608630858;10,50975517;10,39822285;#NUM!;0,170956701;10,10029431;7,748465891;9,184530522;0,595130755;9,77459048;9,789533471;#NUM!;2,010933889;0,916290732;6,495347738;4,522025285;4,602700472;10,56121249;10,45760675;#NUM!;-0,03335092;10,12263626;7,793354954;9,207856661;0,43927456;9,848149407;9,771784612;7,237976502;2,01672995;0,916290732;6,431230624;4,496634056;4,596263977;10,52946419;10,42057044;#NUM!;-2,040492214;10,08589787;7,727034052;9,228540328;-0,055011148;9,871845045;9,706888023;7,988429751;1,99824336;0,916290732;6,400382945;4,48329124;0,023345352;0,030504234;0,032213149;#NUM!;#NUM!;0,034723035;0,041632873;0,023001847;1,190877165;-0,020011833;0,117705644;-2,936303498;0,09287066;0,09531018;0,06913515;0,019668089;0,025355627;0,023691237;0,025817742;#NUM!;#NUM!;0,033821036;0,051352031;0,021730908;1,937639049;0,001273558;0,135054777;#NUM!;0,065695826;0;0,028846633;-0,000496592;0,020393327;0,048044609;0,049082809;#NUM!;#NUM!;0,046663345;0,112902545;0,037159308;4,378447183;0,14429375;0,180623748;-0,226988823;0,02714209;-0,068281507;-0,068074851;-0,039478049;0,017782309;0,043693593;0,03302368;#NUM!;#NUM!;0,03503656;0,086221028;0,025945705;#NUM!;0,211935556;0,115912929;1,037389477;0,046602669;-0,275609491;-0,085132867;-0,031836039
mar.2019;100,94;37.818;34.266;-1,00;1,78;24.730;2.232;10.304;2;18.242;16.449;1.793;7,2;3,00;667;92,1;-1,20;-2,70;1,84;1,79;2,16;100,79;40535,86666;36264,3988;-1,049162387;1,639735378;26616,86811;2690,377921;11207,04183;2,167259558;18826,72148;18689,1093;137,6121808;7,146463315;2,75;678,6965574;92,74416552;100,3466667;36671,50026;32801,28089;-1,158675803;1,186439376;24350,17494;2318,013599;9745,203774;1,813268023;17581,28882;17845,97855;-264,6897358;7,470290517;2,5;662,0544068;92,02177968;99,75333333;38607,91126;34808,14714;-0,209042007;0,96719909;24900,32816;2424,437831;9975,193712;1,551581231;18923,30305;17532,02717;1391,275877;7,513714493;2,5;620,937619;89,71464804;99,11333333;37401,42885;33542,56273;-0,689896039;0,129964725;24002,13037;2268,862882;10183,66585;0,946474597;19377,05756;16430,39123;2946,666326;7,376087581;2,5;602,0755556;88,52555255;1,823333333;416,9096263;723,3793301;-0,310103961;1,646566281;727,8741814;-37,05499444;120,6752734;1,376633031;-1134,841124;18,49707799;-1153,338202;-0,139808341;0,5;65,26888889;3,537097945;2,325724929;1217,846376;1149,575358;-0,138102873;1,912288201;908,3567328;109,7085739;254,8405223;1,508511201;-380,5522809;2075,28198;-2455,834261;0,633810102;0,25;45,33655738;1,806279244;2,512366726;858,5826146;836,0165434;-0,320530039;1,632340003;809,7772091;116,0300202;209,4876997;1,552078317;22,37653988;2254,517202;-2232,140662;0,474993537;0;18,82521323;-0,04570861;2,013699587;1811,048089;1667,23074;1,531190013;1,344761788;1135,23957;258,8385445;363,8688664;1,532116919;2542,659307;2897,178441;-354,5191343;0,201195135;-0,176666667;-43,74221702;-3,612599252;4,614493257;10,54054941;10,4419072;#NUM!;0,57466259;10,11577254;7,710567248;9,240320554;0,842905784;9,811493771;9,708013174;7,49182846;1,979107157;1,098612289;6,503306321;4,522469329;4,613039144;10,60994246;10,49859179;#NUM!;0,494534874;10,18930043;7,897436954;9,324297595;0,773463493;9,843032495;9,835696243;4,924439445;1,966617593;1,011600912;6,520174131;4,529844794;4,608630858;10,50975517;10,39822285;#NUM!;0,170956701;10,10029431;7,748465891;9,184530522;0,595130755;9,77459048;9,789533471;#NUM!;2,010933889;0,916290732;6,495347738;4,522025285;4,602700472;10,56121249;10,45760675;#NUM!;-0,03335092;10,12263626;7,793354954;9,207856661;0,43927456;9,848149407;9,771784612;7,237976502;2,01672995;0,916290732;6,431230624;4,496634056;0,018229281;0,011085222;0,021336756;#NUM!;2,615154804;0,029874674;-0,016466804;0,011780225;0,897916932;-0,060351274;0,001125151;-0,496601292;-0,019136203;0,182321557;0,102923376;0,039178089;0,023345352;0,030504234;0,032213149;#NUM!;#NUM!;0,034723035;0,041632873;0,023001847;1,190877165;-0,020011833;0,117705644;-2,936303498;0,09287066;0,09531018;0,06913515;0,019668089;0,025355627;0,023691237;0,025817742;#NUM!;#NUM!;0,033821036;0,051352031;0,021730908;1,937639049;0,001273558;0,135054777;#NUM!;0,065695826;0;0,028846633;-0,000496592;0,020393327;0,048044609;0,049082809;#NUM!;#NUM!;0,046663345;0,112902545;0,037159308;4,378447183;0,14429375;0,180623748;-0,226988823;0,02714209;-0,068281507;-0,068074851;-0,039478049
jun.2019;101,96;39.177;35.515;-0,40;1,90;25.558;2.396;10.120;2;17.018;16.296;722;7,3;2,50;684;93,2;-5,40;-15,20;2,22;2,06;2,03;100,9366667;37818,33848;34265,94206;-1;1,776531006;24730,00455;2231,807887;10304,34112;2,323107628;18242,21644;16448,88831;1793,328124;7,23627924;3;667,3444444;92,0626505;100,79;40535,86666;36264,3988;-1,049162387;1,639735378;26616,86811;2690,377921;11207,04183;2,167259558;18826,72148;18689,1093;137,6121808;7,146463315;2,75;678,6965574;92,74416552;100,3466667;36671,50026;32801,28089;-1,158675803;1,186439376;24350,17494;2318,013599;9745,203774;1,813268023;17581,28882;17845,97855;-264,6897358;7,470290517;2,5;662,0544068;92,02177968;99,75333333;38607,91126;34808,14714;-0,209042007;0,96719909;24900,32816;2424,437831;9975,193712;1,551581231;18923,30305;17532,02717;1391,275877;7,513714493;2,5;620,937619;89,71464804;2,21;569,3935409;706,7809143;-0,190957993;0,93007485;657,8619808;-28,9122783;145,0073603;0,837962478;-1905,321692;-1236,178097;-669,1435951;-0,259901863;0;62,86302611;3,461695346;1,823333333;416,9096263;723,3793301;-0,310103961;1,646566281;727,8741814;-37,05499444;120,6752734;1,376633031;-1134,841124;18,49707799;-1153,338202;-0,139808341;0,5;65,26888889;3,537097945;2,325724929;1217,846376;1149,575358;-0,138102873;1,912288201;908,3567328;109,7085739;254,8405223;1,508511201;-380,5522809;2075,28198;-2455,834261;0,633810102;0,25;45,33655738;1,806279244;2,512366726;858,5826146;836,0165434;-0,320530039;1,632340003;809,7772091;116,0300202;209,4876997;1,552078317;22,37653988;2254,517202;-2232,140662;0,474993537;0;18,82521323;-0,04570861;4,624613272;10,5758529;10,4777084;#NUM!;0,640418087;10,1487131;7,781357923;9,222288811;0,871102431;9,742025791;9,698665697;6,582208338;1,981527211;0,916290732;6,527666421;4,534493863;4,614493257;10,54054941;10,4419072;#NUM!;0,57466259;10,11577254;7,710567248;9,240320554;0,842905784;9,811493771;9,708013174;7,49182846;1,979107157;1,098612289;6,503306321;4,522469329;4,613039144;10,60994246;10,49859179;#NUM!;0,494534874;10,18930043;7,897436954;9,324297595;0,773463493;9,843032495;9,835696243;4,924439445;1,966617593;1,011600912;6,520174131;4,529844794;4,608630858;10,50975517;10,39822285;#NUM!;0,170956701;10,10029431;7,748465891;9,184530522;0,595130755;9,77459048;9,789533471;#NUM!;2,010933889;0,916290732;6,495347738;4,522025285;0,021912799;0,01464041;0,020101644;#NUM!;0,673769008;0,026076836;-0,011997031;0,01443215;0,431827871;-0,106123616;-0,073118915;-0,655768164;-0,035202739;0;0,096435796;0,037859807;0,018229281;0,011085222;0,021336756;#NUM!;2,615154804;0,029874674;-0,016466804;0,011780225;0,897916932;-0,060351274;0,001125151;-0,496601292;-0,019136203;0,182321557;0,102923376;0,039178089;0,023345352;0,030504234;0,032213149;#NUM!;#NUM!;0,034723035;0,041632873;0,023001847;1,190877165;-0,020011833;0,117705644;-2,936303498;0,09287066;0,09531018;0,06913515;0,019668089;0,025355627;0,023691237;0,025817742;#NUM!;#NUM!;0,033821036;0,051352031;0,021730908;1,937639049;0,001273558;0,135054777;#NUM!;0,065695826;0;0,028846633;-0,000496592
sept.2019;102,56;37.920;33.968;-1,20;2,35;25.034;2.268;9.929;2;16.706;16.868;-162;7,3;2,00;705;94,6;-2,70;-11,00;2,21;2,57;3,56;101,9633333;39177,3048;35514,92806;-0,4;1,89727394;25558,19014;2395,525553;10120,20107;2,389543709;17017,98136;16295,84908;722,1322818;7,25381263;2,5;683,8006452;93,17634339;100,9366667;37818,33848;34265,94206;-1;1,776531006;24730,00455;2231,807887;10304,34112;2,323107628;18242,21644;16448,88831;1793,328124;7,23627924;3;667,3444444;92,0626505;100,79;40535,86666;36264,3988;-1,049162387;1,639735378;26616,86811;2690,377921;11207,04183;2,167259558;18826,72148;18689,1093;137,6121808;7,146463315;2,75;678,6965574;92,74416552;100,3466667;36671,50026;32801,28089;-1,158675803;1,186439376;24350,17494;2318,013599;9745,203774;1,813268023;17581,28882;17845,97855;-264,6897358;7,470290517;2,5;662,0544068;92,02177968;2,213333333;1248,16727;1167,027384;-0,041324197;1,15929798;683,4071013;-49,73998583;183,9402593;0,643125058;-875,3676605;-977,7445172;102,3768567;-0,132993177;-0,5;43,0773965;2,533815435;2,21;569,3935409;706,7809143;-0,190957993;0,93007485;657,8619808;-28,9122783;145,0073603;0,837962478;-1905,321692;-1236,178097;-669,1435951;-0,259901863;0;62,86302611;3,461695346;1,823333333;416,9096263;723,3793301;-0,310103961;1,646566281;727,8741814;-37,05499444;120,6752734;1,376633031;-1134,841124;18,49707799;-1153,338202;-0,139808341;0,5;65,26888889;3,537097945;2,325724929;1217,846376;1149,575358;-0,138102873;1,912288201;908,3567328;109,7085739;254,8405223;1,508511201;-380,5522809;2075,28198;-2455,834261;0,633810102;0,25;45,33655738;1,806279244;4,630447993;10,54322519;10,43318326;#NUM!;0,85259979;10,12797348;7,726774298;9,203229553;0,898694047;9,723518496;9,733187489;#NUM!;1,992970565;0,693147181;6,55838474;4,54918797;4,624613272;10,5758529;10,4777084;#NUM!;0,640418087;10,1487131;7,781357923;9,222288811;0,871102431;9,742025791;9,698665697;6,582208338;1,981527211;0,916290732;6,527666421;4,534493863;4,614493257;10,54054941;10,4419072;#NUM!;0,57466259;10,11577254;7,710567248;9,240320554;0,842905784;9,811493771;9,708013174;7,49182846;1,979107157;1,098612289;6,503306321;4,522469329;4,613039144;10,60994246;10,49859179;#NUM!;0,494534874;10,18930043;7,897436954;9,324297595;0,773463493;9,843032495;9,835696243;4,924439445;1,966617593;1,011600912;6,520174131;4,529844794;0,021817136;0,033470016;0,034960414;#NUM!;0,681643089;0,027679171;-0,021691592;0,018699031;0,303563292;-0,051071984;-0,056345981;#NUM!;-0,017963325;-0,223143551;0,063037002;0,027162685;0,021912799;0,01464041;0,020101644;#NUM!;0,673769008;0,026076836;-0,011997031;0,01443215;0,431827871;-0,106123616;-0,073118915;-0,655768164;-0,035202739;0;0,096435796;0,037859807;0,018229281;0,011085222;0,021336756;#NUM!;2,615154804;0,029874674;-0,016466804;0,011780225;0,897916932;-0,060351274;0,001125151;-0,496601292;-0,019136203;0,182321557;0,102923376;0,039178089;0,023345352;0,030504234;0,032213149;#NUM!;#NUM!;0,034723035;0,041632873;0,023001847;1,190877165;-0,020011833;0,117705644;-2,936303498;0,09287066;0,09531018;0,06913515;0,019668089
dic.2019;103,56;39.745;35.535;-5,40;1,40;25.554;2.329;10.829;1;16.796;16.197;599;7,1;1,75;755;100,3;-15,20;-4,40;2,75;2,36;-2,01;102,56;37919,66753;33968,30828;-1,2;2,345737356;25033,58204;2268,273613;9929,144034;2,456393081;16705,92116;16868,23403;-162,3128791;7,33729734;2;705,1318033;94,55559512;101,9633333;39177,3048;35514,92806;-0,4;1,89727394;25558,19014;2395,525553;10120,20107;2,389543709;17017,98136;16295,84908;722,1322818;7,25381263;2,5;683,8006452;93,17634339;100,9366667;37818,33848;34265,94206;-1;1,776531006;24730,00455;2231,807887;10304,34112;2,323107628;18242,21644;16448,88831;1793,328124;7,23627924;3;667,3444444;92,0626505;100,79;40535,86666;36264,3988;-1,049162387;1,639735378;26616,86811;2690,377921;11207,04183;2,167259558;18826,72148;18689,1093;137,6121808;7,146463315;2,75;678,6965574;92,74416552;2,77;-791,1609262;-729,7714782;-4,350837613;-0,243896767;-1063,069047;-360,9787485;-377,9163161;-1,422600373;-2030,276837;-2492,124967;461,8481306;-0,083294228;-1;76,16021682;7,584627546;2,213333333;1248,16727;1167,027384;-0,041324197;1,15929798;683,4071013;-49,73998583;183,9402593;0,643125058;-875,3676605;-977,7445172;102,3768567;-0,132993177;-0,5;43,0773965;2,533815435;2,21;569,3935409;706,7809143;-0,190957993;0,93007485;657,8619808;-28,9122783;145,0073603;0,837962478;-1905,321692;-1236,178097;-669,1435951;-0,259901863;0;62,86302611;3,461695346;1,823333333;416,9096263;723,3793301;-0,310103961;1,646566281;727,8741814;-37,05499444;120,6752734;1,376633031;-1134,841124;18,49707799;-1153,338202;-0,139808341;0,5;65,26888889;3,537097945;4,640151155;10,59023192;10,47826292;#NUM!;0,333495389;10,14854128;7,753365648;9,28999459;-0,294828635;9,728922514;9,692580351;6,396029769;1,95489383;0,559615788;6,626528028;4,608452723;4,630447993;10,54322519;10,43318326;#NUM!;0,85259979;10,12797348;7,726774298;9,203229553;0,898694047;9,723518496;9,733187489;#NUM!;1,992970565;0,693147181;6,55838474;4,54918797;4,624613272;10,5758529;10,4777084;#NUM!;0,640418087;10,1487131;7,781357923;9,222288811;0,871102431;9,742025791;9,698665697;6,582208338;1,981527211;0,916290732;6,527666421;4,534493863;4,614493257;10,54054941;10,4419072;#NUM!;0,57466259;10,11577254;7,710567248;9,240320554;0,842905784;9,811493771;9,708013174;7,49182846;1,979107157;1,098612289;6,503306321;4,522469329;0,027112011;-0,019710536;-0,020328872;#NUM!;-0,161039485;-0,040759157;-0,144071306;-0,034303004;-1,068292128;-0,11410998;-0,143115891;1,471590324;-0,011723763;-0,451985124;0,106353897;0,078607929;0,021817136;0,033470016;0,034960414;#NUM!;0,681643089;0,027679171;-0,021691592;0,018699031;0,303563292;-0,051071984;-0,056345981;#NUM!;-0,017963325;-0,223143551;0,063037002;0,027162685;0,021912799;0,01464041;0,020101644;#NUM!;0,673769008;0,026076836;-0,011997031;0,01443215;0,431827871;-0,106123616;-0,073118915;-0,655768164;-0,035202739;0;0,096435796;0,037859807;0,018229281;0,011085222;0,021336756;#NUM!;2,615154804;0,029874674;-0,016466804;0,011780225;0,897916932;-0,060351274;0,001125151;-0,496601292;-0,019136203;0,182321557;0,102923376;0,039178089
mar.2020;104,67;37.884;34.137;-2,70;0,87;24.070;1.928;10.265;-1;17.198;14.120;3.079;8,2;1,00;803;105,5;-11,00;-0,40;3,70;1,84;-0,38;103,56;39744,70574;35534,62733;-5,4;1,39583861;25553,79906;2329,399173;10829,12551;0,744659185;16796,44464;16196,98433;599,4603114;7,063169088;1,75;754,8567742;100,3287931;102,56;37919,66753;33968,30828;-1,2;2,345737356;25033,58204;2268,273613;9929,144034;2,456393081;16705,92116;16868,23403;-162,3128791;7,33729734;2;705,1318033;94,55559512;101,9633333;39177,3048;35514,92806;-0,4;1,89727394;25558,19014;2395,525553;10120,20107;2,389543709;17017,98136;16295,84908;722,1322818;7,25381263;2,5;683,8006452;93,17634339;100,9366667;37818,33848;34265,94206;-1;1,776531006;24730,00455;2231,807887;10304,34112;2,323107628;18242,21644;16448,88831;1793,328124;7,23627924;3;667,3444444;92,0626505;3,733333333;66,13970026;-128,7359805;-1,7;-0,908274999;-659,9630346;-303,579873;-39,6156662;-2,91128993;-1043,763586;-2329,159217;1285,395631;0,992229857;-2;135,6571181;13,40886346;2,77;-791,1609262;-729,7714782;-4,350837613;-0,243896767;-1063,069047;-360,9787485;-377,9163161;-1,422600373;-2030,276837;-2492,124967;461,8481306;-0,083294228;-1;76,16021682;7,584627546;2,213333333;1248,16727;1167,027384;-0,041324197;1,15929798;683,4071013;-49,73998583;183,9402593;0,643125058;-875,3676605;-977,7445172;102,3768567;-0,132993177;-0,5;43,0773965;2,533815435;2,21;569,3935409;706,7809143;-0,190957993;0,93007485;657,8619808;-28,9122783;145,0073603;0,837962478;-1905,321692;-1236,178097;-669,1435951;-0,259901863;0;62,86302611;3,461695346;4,650812544;10,54229676;10,43814316;#NUM!;-0,141268669;10,08872326;7,564356733;9,236468583;#NUM!;9,752574708;9,555328325;8,032270425;2,107604844;0;6,68835666;4,658440907;4,640151155;10,59023192;10,47826292;#NUM!;0,333495389;10,14854128;7,753365648;9,28999459;-0,294828635;9,728922514;9,692580351;6,396029769;1,95489383;0,559615788;6,626528028;4,608452723;4,630447993;10,54322519;10,43318326;#NUM!;0,85259979;10,12797348;7,726774298;9,203229553;0,898694047;9,723518496;9,733187489;#NUM!;1,992970565;0,693147181;6,55838474;4,54918797;4,624613272;10,5758529;10,4777084;#NUM!;0,640418087;10,1487131;7,781357923;9,222288811;0,871102431;9,742025791;9,698665697;6,582208338;1,981527211;0,916290732;6,527666421;4,534493863;0,036319286;0,001747352;-0,003764041;#NUM!;-0,715931259;-0,027049289;-0,146210515;-0,00385197;#NUM!;-0,058919063;-0,152684849;0,540441965;0,128497686;-1,098612289;0,185050339;0,135971578;0,027112011;-0,019710536;-0,020328872;#NUM!;-0,161039485;-0,040759157;-0,144071306;-0,034303004;-1,068292128;-0,11410998;-0,143115891;1,471590324;-0,011723763;-0,451985124;0,106353897;0,078607929;0,021817136;0,033470016;0,034960414;#NUM!;0,681643089;0,027679171;-0,021691592;0,018699031;0,303563292;-0,051071984;-0,056345981;#NUM!;-0,017963325;-0,223143551;0,063037002;0,027162685;0,021912799;0,01464041;0,020101644;#NUM!;0,673769008;0,026076836;-0,011997031;0,01443215;0,431827871;-0,106123616;-0,073118915;-0,655768164;-0,035202739;0;0,096435796;0,037859807
jun.2020;104,95;33.595;29.893;-15,20;-3,65;19.855;1.542;8.437;-7;17.845;11.896;5.950;12,2;0,50;823;103,6;-4,40;0,00;2,93;2,22;-15,83;104,67;37884,47818;34137,20608;-2,7;0,868256007;24070,04151;1928,228014;10264,72546;-0,588182302;17198,45285;14119,7291;3078,723755;8,228509097;1;803,0015625;105,471514;103,56;39744,70574;35534,62733;-5,4;1,39583861;25553,79906;2329,399173;10829,12551;0,744659185;16796,44464;16196,98433;599,4603114;7,063169088;1,75;754,8567742;100,3287931;102,56;37919,66753;33968,30828;-1,2;2,345737356;25033,58204;2268,273613;9929,144034;2,456393081;16705,92116;16868,23403;-162,3128791;7,33729734;2;705,1318033;94,55559512;101,9633333;39177,3048;35514,92806;-0,4;1,89727394;25558,19014;2395,525553;10120,20107;2,389543709;17017,98136;16295,84908;722,1322818;7,25381263;2,5;683,8006452;93,17634339;2,99;-5582,227871;-5622,402033;-14,8;-5,545394795;-5702,792266;-853,0722062;-1682,953632;-9,311492151;827,4078001;-4400,258535;5227,666335;4,994255284;-2;139,2049286;10,44181493;3,733333333;66,13970026;-128,7359805;-1,7;-0,908274999;-659,9630346;-303,579873;-39,6156662;-2,91128993;-1043,763586;-2329,159217;1285,395631;0,992229857;-2;135,6571181;13,40886346;2,77;-791,1609262;-729,7714782;-4,350837613;-0,243896767;-1063,069047;-360,9787485;-377,9163161;-1,422600373;-2030,276837;-2492,124967;461,8481306;-0,083294228;-1;76,16021682;7,584627546;2,213333333;1248,16727;1167,027384;-0,041324197;1,15929798;683,4071013;-49,73998583;183,9402593;0,643125058;-875,3676605;-977,7445172;102,3768567;-0,132993177;-0,5;43,0773965;2,533815435;4,653515807;10,42213482;10,30536376;#NUM!;#NUM!;9,896231183;7,34112951;9,040411402;#NUM!;9,789500443;9,383923068;8,691112652;2,505368203;-0,693147181;6,712962973;4,640712588;4,650812544;10,54229676;10,43814316;#NUM!;-0,141268669;10,08872326;7,564356733;9,236468583;#NUM!;9,752574708;9,555328325;8,032270425;2,107604844;0;6,68835666;4,658440907;4,640151155;10,59023192;10,47826292;#NUM!;0,333495389;10,14854128;7,753365648;9,28999459;-0,294828635;9,728922514;9,692580351;6,396029769;1,95489383;0,559615788;6,626528028;4,608452723;4,630447993;10,54322519;10,43318326;#NUM!;0,85259979;10,12797348;7,726774298;9,203229553;0,898694047;9,723518496;9,733187489;#NUM!;1,992970565;0,693147181;6,55838474;4,54918797;0,028902535;-0,153718084;-0,172344633;#NUM!;#NUM!;-0,252481915;-0,440228413;-0,18187741;#NUM!;0,047474652;-0,314742629;2,108904314;0,523840993;-1,609437912;0,185296552;0,106218725;0,036319286;0,001747352;-0,003764041;#NUM!;-0,715931259;-0,027049289;-0,146210515;-0,00385197;#NUM!;-0,058919063;-0,152684849;0,540441965;0,128497686;-1,098612289;0,185050339;0,135971578;0,027112011;-0,019710536;-0,020328872;#NUM!;-0,161039485;-0,040759157;-0,144071306;-0,034303004;-1,068292128;-0,11410998;-0,143115891;1,471590324;-0,011723763;-0,451985124;0,106353897;0,078607929;0,021817136;0,033470016;0,034960414;#NUM!;0,681643089;0,027679171;-0,021691592;0,018699031;0,303563292;-0,051071984;-0,056345981;#NUM!;-0,017963325;-0,223143551;0,063037002;0,027162685
sept.2020;105,31;34.507;30.589;-11,00;-6,55;22.776;2.773;9.727;-10;17.987;13.867;4.120;12,3;0,50;781;101,3;-0,40;4,70;2,68;2,21;-9,95;104,9533333;33595,07693;29892,52602;-15,2;-3,648120855;19855,39788;1542,453347;8437,24744;-6,921948441;17845,38916;11895,59054;5949,798617;12,24806791;0,5;823,0055738;103,6181583;104,67;37884,47818;34137,20608;-2,7;0,868256007;24070,04151;1928,228014;10264,72546;-0,588182302;17198,45285;14119,7291;3078,723755;8,228509097;1;803,0015625;105,471514;103,56;39744,70574;35534,62733;-5,4;1,39583861;25553,79906;2329,399173;10829,12551;0,744659185;16796,44464;16196,98433;599,4603114;7,063169088;1,75;754,8567742;100,3287931;102,56;37919,66753;33968,30828;-1,2;2,345737356;25033,58204;2268,273613;9929,144034;2,456393081;16705,92116;16868,23403;-162,3128791;7,33729734;2;705,1318033;94,55559512;2,745918047;-3412,3163;-3378,891237;-9,8;-8,893142098;-2258,040632;504,6465088;-202,6313948;-12,31042478;1281,431185;-3001,110327;4282,541512;5,010993344;-1,5;75,85866547;6,733409357;2,99;-5582,227871;-5622,402033;-14,8;-5,545394795;-5702,792266;-853,0722062;-1682,953632;-9,311492151;827,4078001;-4400,258535;5227,666335;4,994255284;-2;139,2049286;10,44181493;3,733333333;66,13970026;-128,7359805;-1,7;-0,908274999;-659,9630346;-303,579873;-39,6156662;-2,91128993;-1043,763586;-2329,159217;1285,395631;0,992229857;-2;135,6571181;13,40886346;2,77;-791,1609262;-729,7714782;-4,350837613;-0,243896767;-1063,069047;-360,9787485;-377,9163161;-1,422600373;-2030,276837;-2492,124967;461,8481306;-0,083294228;-1;76,16021682;7,584627546;4,656869619;10,44892766;10,32840938;#NUM!;#NUM!;10,03344249;7,92765624;9,182610698;#NUM!;9,797424142;9,537276117;8,323663934;2,513517647;-0,693147181;6,660562946;4,617977861;4,653515807;10,42213482;10,30536376;#NUM!;#NUM!;9,896231183;7,34112951;9,040411402;#NUM!;9,789500443;9,383923068;8,691112652;2,505368203;-0,693147181;6,712962973;4,640712588;4,650812544;10,54229676;10,43814316;#NUM!;-0,141268669;10,08872326;7,564356733;9,236468583;#NUM!;9,752574708;9,555328325;8,032270425;2,107604844;0;6,68835666;4,658440907;4,640151155;10,59023192;10,47826292;#NUM!;0,333495389;10,14854128;7,753365648;9,28999459;-0,294828635;9,728922514;9,692580351;6,396029769;1,95489383;0,559615788;6,626528028;4,608452723;0,026421626;-0,094297529;-0,10477388;#NUM!;#NUM!;-0,09453099;0,200881941;-0,020618856;#NUM!;0,073905646;-0,195911373;#NUM!;0,520547082;-1,386294361;0,102178206;0,068789892;0,028902535;-0,153718084;-0,172344633;#NUM!;#NUM!;-0,252481915;-0,440228413;-0,18187741;#NUM!;0,047474652;-0,314742629;2,108904314;0,523840993;-1,609437912;0,185296552;0,106218725;0,036319286;0,001747352;-0,003764041;#NUM!;-0,715931259;-0,027049289;-0,146210515;-0,00385197;#NUM!;-0,058919063;-0,152684849;0,540441965;0,128497686;-1,098612289;0,185050339;0,135971578;0,027112011;-0,019710536;-0,020328872;#NUM!;-0,161039485;-0,040759157;-0,144071306;-0,034303004;-1,068292128;-0,11410998;-0,143115891;1,471590324;-0,011723763;-0,451985124;0,106353897;0,078607929
dic.2020;106,55;39.747;35.637;-4,40;-6,97;26.611;3.228;11.834;-10;20.454;15.234;5.220;10,3;0,50;762;101,0;0,00;5,10;2,88;2,75;0,29;105,305918;34507,35123;30589,41704;-11;-6,547404743;22775,54141;2772,920122;9726,512639;-9,854031696;17987,35234;13867,12371;4120,228633;12,34829068;0,5;780,9904688;101,2890045;104,9533333;33595,07693;29892,52602;-15,2;-3,648120855;19855,39788;1542,453347;8437,24744;-6,921948441;17845,38916;11895,59054;5949,798617;12,24806791;0,5;823,0055738;103,6181583;104,67;37884,47818;34137,20608;-2,7;0,868256007;24070,04151;1928,228014;10264,72546;-0,588182302;17198,45285;14119,7291;3078,723755;8,228509097;1;803,0015625;105,471514;103,56;39744,70574;35534,62733;-5,4;1,39583861;25553,79906;2329,399173;10829,12551;0,744659185;16796,44464;16196,98433;599,4603114;7,063169088;1,75;754,8567742;100,3287931;2,986666667;2,19903494;102,0763349;1;-8,368045392;1057,315871;898,5719511;1005,030688;-10,33329394;3657,497696;-963,1589924;4620,656689;3,223149661;-1,25;7,544032258;0,70517063;2,745918047;-3412,3163;-3378,891237;-9,8;-8,893142098;-2258,040632;504,6465088;-202,6313948;-12,31042478;1281,431185;-3001,110327;4282,541512;5,010993344;-1,5;75,85866547;6,733409357;2,99;-5582,227871;-5622,402033;-14,8;-5,545394795;-5702,792266;-853,0722062;-1682,953632;-9,311492151;827,4078001;-4400,258535;5227,666335;4,994255284;-2;139,2049286;10,44181493;3,733333333;66,13970026;-128,7359805;-1,7;-0,908274999;-659,9630346;-303,579873;-39,6156662;-2,91128993;-1043,763586;-2329,159217;1285,395631;0,992229857;-2;135,6571181;13,40886346;4,668583074;10,59028725;10,48113139;#NUM!;#NUM!;10,18908426;8,079609084;9,378745223;#NUM!;9,925930922;9,631273585;8,560275094;2,330814736;-0,693147181;6,63647241;4,615456735;4,656869619;10,44892766;10,32840938;#NUM!;#NUM!;10,03344249;7,92765624;9,182610698;#NUM!;9,797424142;9,537276117;8,323663934;2,513517647;-0,693147181;6,660562946;4,617977861;4,653515807;10,42213482;10,30536376;#NUM!;#NUM!;9,896231183;7,34112951;9,040411402;#NUM!;9,789500443;9,383923068;8,691112652;2,505368203;-0,693147181;6,712962973;4,640712588;4,650812544;10,54229676;10,43814316;#NUM!;-0,141268669;10,08872326;7,564356733;9,236468583;#NUM!;9,752574708;9,555328325;8,032270425;2,107604844;0;6,68835666;4,658440907;0,028431919;5,53275E-05;0,00286847;#NUM!;#NUM!;0,040542986;0,326243436;0,088750632;#NUM!;0,197008408;-0,061306766;2,164245325;0,375920905;-1,252762968;0,009944382;0,007004011;0,026421626;-0,094297529;-0,10477388;#NUM!;#NUM!;-0,09453099;0,200881941;-0,020618856;#NUM!;0,073905646;-0,195911373;#NUM!;0,520547082;-1,386294361;0,102178206;0,068789892;0,028902535;-0,153718084;-0,172344633;#NUM!;#NUM!;-0,252481915;-0,440228413;-0,18187741;#NUM!;0,047474652;-0,314742629;2,108904314;0,523840993;-1,609437912;0,185296552;0,106218725;0,036319286;0,001747352;-0,003764041;#NUM!;-0,715931259;-0,027049289;-0,146210515;-0,00385197;#NUM!;-0,058919063;-0,152684849;0,540441965;0,128497686;-1,098612289;0,185050339;0,135971578
mar.2021;107,76;38.115;34.555;-0,40;-7,21;25.313;2.881;10.869;-9;22.215;17.975;4.239;10,4;0,50;724;98,2;4,70;4,21;2,95;3,70;1,22;106,5466667;39746,90477;35636,70366;-4,4;-6,972206782;26611,11494;3227,971124;11834,1562;-9,58863475;20453,94234;15233,82534;5220,117;10,28631875;0,5;762,4008065;101,0339637;105,305918;34507,35123;30589,41704;-11;-6,547404743;22775,54141;2772,920122;9726,512639;-9,854031696;17987,35234;13867,12371;4120,228633;12,34829068;0,5;780,9904688;101,2890045;104,9533333;33595,07693;29892,52602;-15,2;-3,648120855;19855,39788;1542,453347;8437,24744;-6,921948441;17845,38916;11895,59054;5949,798617;12,24806791;0,5;823,0055738;103,6181583;104,67;37884,47818;34137,20608;-2,7;0,868256007;24070,04151;1928,228014;10264,72546;-0,588182302;17198,45285;14119,7291;3078,723755;8,228509097;1;803,0015625;105,471514;3,086666667;230,095985;418,0182149;2,3;-8,079229475;1243,41336;953,0006261;604,6485003;-8,622711673;5016,306381;3855,634394;1160,671987;2,125300567;-0,5;-78,7147371;-7,293907976;2,986666667;2,19903494;102,0763349;1;-8,368045392;1057,315871;898,5719511;1005,030688;-10,33329394;3657,497696;-963,1589924;4620,656689;3,223149661;-1,25;7,544032258;0,70517063;2,745918047;-3412,3163;-3378,891237;-9,8;-8,893142098;-2258,040632;504,6465088;-202,6313948;-12,31042478;1281,431185;-3001,110327;4282,541512;5,010993344;-1,5;75,85866547;6,733409357;2,99;-5582,227871;-5622,402033;-14,8;-5,545394795;-5702,792266;-853,0722062;-1682,953632;-9,311492151;827,4078001;-4400,258535;5227,666335;4,994255284;-2;139,2049286;10,44181493;4,679875599;10,54835201;10,45031403;#NUM!;#NUM!;10,13909135;7,965972093;9,293704385;#NUM!;10,00851218;9,796757404;8,352176024;2,337354535;-0,693147181;6,585187482;4,586778144;4,668583074;10,59028725;10,48113139;#NUM!;#NUM!;10,18908426;8,079609084;9,378745223;#NUM!;9,925930922;9,631273585;8,560275094;2,330814736;-0,693147181;6,63647241;4,615456735;4,656869619;10,44892766;10,32840938;#NUM!;#NUM!;10,03344249;7,92765624;9,182610698;#NUM!;9,797424142;9,537276117;8,323663934;2,513517647;-0,693147181;6,660562946;4,617977861;4,653515807;10,42213482;10,30536376;#NUM!;#NUM!;9,896231183;7,34112951;9,040411402;#NUM!;9,789500443;9,383923068;8,691112652;2,505368203;-0,693147181;6,712962973;4,640712588;0,029063055;0,006055252;0,012170872;#NUM!;#NUM!;0,050368091;0,401615361;0,057235801;#NUM!;0,255937469;0,241429079;0,3199056;0,229749692;-0,693147181;-0,103169178;-0,071662762;0,028431919;5,53275E-05;0,00286847;#NUM!;#NUM!;0,040542986;0,326243436;0,088750632;#NUM!;0,197008408;-0,061306766;2,164245325;0,375920905;-1,252762968;0,009944382;0,007004011;0,026421626;-0,094297529;-0,10477388;#NUM!;#NUM!;-0,09453099;0,200881941;-0,020618856;#NUM!;0,073905646;-0,195911373;#NUM!;0,520547082;-1,386294361;0,102178206;0,068789892;0,028902535;-0,153718084;-0,172344633;#NUM!;#NUM!;-0,252481915;-0,440228413;-0,18187741;#NUM!;0,047474652;-0,314742629;2,108904314;0,523840993;-1,609437912;0,185296552;0,106218725
jun.2021;108,72;39.683;35.948;0,00;-3,51;26.927;3.547;11.067;-3;23.730;19.087;4.643;9,5;0,50;715;98,2;5,10;2,99;3,59;2,93;20,26;107,7566667;38114,57416;34555,2243;-0,4;-7,210973469;25313,45487;2881,22864;10869,37396;-9,210893974;22214,75923;17975,36349;4239,395742;10,35380966;0,5;724,2868254;98,17760598;106,5466667;39746,90477;35636,70366;-4,4;-6,972206782;26611,11494;3227,971124;11834,1562;-9,58863475;20453,94234;15233,82534;5220,117;10,28631875;0,5;762,4008065;101,0339637;105,305918;34507,35123;30589,41704;-11;-6,547404743;22775,54141;2772,920122;9726,512639;-9,854031696;17987,35234;13867,12371;4120,228633;12,34829068;0,5;780,9904688;101,2890045;104,9533333;33595,07693;29892,52602;-15,2;-3,648120855;19855,39788;1542,453347;8437,24744;-6,921948441;17845,38916;11895,59054;5949,798617;12,24806791;0,5;823,0055738;103,6181583;3,77;6088,133951;6055,843263;15,2;0,139023332;7071,229312;2004,987555;2629,324855;3,568008165;5884,81923;7191,477509;-1306,658278;-2,751579697;0;-107,5821311;-5,437549974;3,086666667;230,095985;418,0182149;2,3;-8,079229475;1243,41336;953,0006261;604,6485003;-8,622711673;5016,306381;3855,634394;1160,671987;2,125300567;-0,5;-78,7147371;-7,293907976;2,986666667;2,19903494;102,0763349;1;-8,368045392;1057,315871;898,5719511;1005,030688;-10,33329394;3657,497696;-963,1589924;4620,656689;3,223149661;-1,25;7,544032258;0,70517063;2,745918047;-3412,3163;-3378,891237;-9,8;-8,893142098;-2258,040632;504,6465088;-202,6313948;-12,31042478;1281,431185;-3001,110327;4282,541512;5,010993344;-1,5;75,85866547;6,733409357;4,688806429;10,58868348;10,489839;#NUM!;#NUM!;10,20087093;8,17398175;9,311684339;#NUM!;10,07450413;9,856766319;8,443146213;2,250922069;-0,693147181;6,572874595;4,586808725;4,679875599;10,54835201;10,45031403;#NUM!;#NUM!;10,13909135;7,965972093;9,293704385;#NUM!;10,00851218;9,796757404;8,352176024;2,337354535;-0,693147181;6,585187482;4,586778144;4,668583074;10,59028725;10,48113139;#NUM!;#NUM!;10,18908426;8,079609084;9,378745223;#NUM!;9,925930922;9,631273585;8,560275094;2,330814736;-0,693147181;6,63647241;4,615456735;4,656869619;10,44892766;10,32840938;#NUM!;#NUM!;10,03344249;7,92765624;9,182610698;#NUM!;9,797424142;9,537276117;8,323663934;2,513517647;-0,693147181;6,660562946;4,617977861;0,035290622;0,166548662;0,184475239;#NUM!;#NUM!;0,304639752;0,83285224;0,271272937;#NUM!;0,285003688;0,472843252;-0,247966439;-0,254446134;0;-0,140088378;-0,053903863;0,029063055;0,006055252;0,012170872;#NUM!;#NUM!;0,050368091;0,401615361;0,057235801;#NUM!;0,255937469;0,241429079;0,3199056;0,229749692;-0,693147181;-0,103169178;-0,071662762;0,028431919;5,53275E-05;0,00286847;#NUM!;#NUM!;0,040542986;0,326243436;0,088750632;#NUM!;0,197008408;-0,061306766;2,164245325;0,375920905;-1,252762968;0,009944382;0,007004011;0,026421626;-0,094297529;-0,10477388;#NUM!;#NUM!;-0,09453099;0,200881941;-0,020618856;#NUM!;0,073905646;-0,195911373;#NUM!;0,520547082;-1,386294361;0,102178206;0,068789892
sept.2021;110,45;40.449;36.768;4,70;0,20;29.040;3.684;11.929;2;23.541;22.526;1.015;8,4;1,50;771;105,2;4,21;1,62;4,89;2,68;20,20;108,7233333;39683,21088;35948,36929;0;-3,509097523;26926,62719;3547,440901;11066,5723;-3,353940276;23730,20839;19087,06805;4643,140338;9,496488217;0,5;715,4234426;98,18060834;107,7566667;38114,57416;34555,2243;-0,4;-7,210973469;25313,45487;2881,22864;10869,37396;-9,210893974;22214,75923;17975,36349;4239,395742;10,35380966;0,5;724,2868254;98,17760598;106,5466667;39746,90477;35636,70366;-4,4;-6,972206782;26611,11494;3227,971124;11834,1562;-9,58863475;20453,94234;15233,82534;5220,117;10,28631875;0,5;762,4008065;101,0339637;105,305918;34507,35123;30589,41704;-11;-6,547404743;22775,54141;2772,920122;9726,512639;-9,854031696;17987,35234;13867,12371;4120,228633;12,34829068;0,5;780,9904688;101,2890045;5,147415286;5942,112534;6178,444848;15,7;6,74338513;6264,786652;911,3084984;2202,017906;11,43615054;5554,051661;8659,190899;-3105,139238;-3,942679528;1;-9,55890625;3,897830579;3,77;6088,133951;6055,843263;15,2;0,139023332;7071,229312;2004,987555;2629,324855;3,568008165;5884,81923;7191,477509;-1306,658278;-2,751579697;0;-107,5821311;-5,437549974;3,086666667;230,095985;418,0182149;2,3;-8,079229475;1243,41336;953,0006261;604,6485003;-8,622711673;5016,306381;3855,634394;1160,671987;2,125300567;-0,5;-78,7147371;-7,293907976;2,986666667;2,19903494;102,0763349;1;-8,368045392;1057,315871;898,5719511;1005,030688;-10,33329394;3657,497696;-963,1589924;4620,656689;3,223149661;-1,25;7,544032258;0,70517063;4,704593109;10,60780867;10,51237942;1,547562509;-1,629740691;10,27644077;8,211816453;9,386688334;0,458764987;10,06651602;10,02243944;6,922731961;2,128899478;0,405465108;6,648247961;4,65573815;4,688806429;10,58868348;10,489839;#NUM!;#NUM!;10,20087093;8,17398175;9,311684339;#NUM!;10,07450413;9,856766319;8,443146213;2,250922069;-0,693147181;6,572874595;4,586808725;4,679875599;10,54835201;10,45031403;#NUM!;#NUM!;10,13909135;7,965972093;9,293704385;#NUM!;10,00851218;9,796757404;8,352176024;2,337354535;-0,693147181;6,585187482;4,586778144;4,668583074;10,59028725;10,48113139;#NUM!;#NUM!;10,18908426;8,079609084;9,378745223;#NUM!;9,925930922;9,631273585;8,560275094;2,330814736;-0,693147181;6,63647241;4,615456735;0,04772349;0,158881006;0,183970045;#NUM!;#NUM!;0,242998272;0,284160214;0,204077637;#NUM!;0,26909188;0,485163326;-1,400931973;-0,38461817;1,098612289;-0,012314985;0,037760289;0,035290622;0,166548662;0,184475239;#NUM!;#NUM!;0,304639752;0,83285224;0,271272937;#NUM!;0,285003688;0,472843252;-0,247966439;-0,254446134;0;-0,140088378;-0,053903863;0,029063055;0,006055252;0,012170872;#NUM!;#NUM!;0,050368091;0,401615361;0,057235801;#NUM!;0,255937469;0,241429079;0,3199056;0,229749692;-0,693147181;-0,103169178;-0,071662762;0,028431919;5,53275E-05;0,00286847;#NUM!;#NUM!;0,040542986;0,326243436;0,088750632;#NUM!;0,197008408;-0,061306766;2,164245325;0,375920905;-1,252762968;0,009944382;0,007004011
dic.2021;113,62;44.999;40.896;5,10;2,24;31.713;4.146;13.647;5;25.617;23.227;2.390;7,5;4,00;850;110,0;2,99;1,19;6,63;2,88;14,76;110,4533333;40449,46377;36767,86189;4,7;0,195980387;29040,32806;3684,228621;11928,53054;1,582118841;23541,404;22526,31461;1015,089395;8,405611155;1,5;771,4315625;105,1868351;108,7233333;39683,21088;35948,36929;0;-3,509097523;26926,62719;3547,440901;11066,5723;-3,353940276;23730,20839;19087,06805;4643,140338;9,496488217;0,5;715,4234426;98,18060834;107,7566667;38114,57416;34555,2243;-0,4;-7,210973469;25313,45487;2881,22864;10869,37396;-9,210893974;22214,75923;17975,36349;4239,395742;10,35380966;0,5;724,2868254;98,17760598;106,5466667;39746,90477;35636,70366;-4,4;-6,972206782;26611,11494;3227,971124;11834,1562;-9,58863475;20453,94234;15233,82534;5220,117;10,28631875;0,5;762,4008065;101,0339637;7,068459333;5251,985893;5259,158666;9,5;9,215056699;5101,878518;917,8421442;1813,285132;14,88791774;5162,575046;7993,188154;-2830,613108;-2,786318749;3,5;87,59919355;8,966036305;5,147415286;5942,112534;6178,444848;15,7;6,74338513;6264,786652;911,3084984;2202,017906;11,43615054;5554,051661;8659,190899;-3105,139238;-3,942679528;1;-9,55890625;3,897830579;3,77;6088,133951;6055,843263;15,2;0,139023332;7071,229312;2004,987555;2629,324855;3,568008165;5884,81923;7191,477509;-1306,658278;-2,751579697;0;-107,5821311;-5,437549974;3,086666667;230,095985;418,0182149;2,3;-8,079229475;1243,41336;953,0006261;604,6485003;-8,622711673;5016,306381;3855,634394;1160,671987;2,125300567;-0,5;-78,7147371;-7,293907976;4,732816649;10,71439312;10,61878417;1,62924054;0,807747342;10,36448176;8,329854253;9,521307335;1,667571527;10,15099263;10,05307125;7,778841047;2,014903021;1,386294361;6,745236349;4,700480366;4,704593109;10,60780867;10,51237942;1,547562509;-1,629740691;10,27644077;8,211816453;9,386688334;0,458764987;10,06651602;10,02243944;6,922731961;2,128899478;0,405465108;6,648247961;4,65573815;4,688806429;10,58868348;10,489839;#NUM!;#NUM!;10,20087093;8,17398175;9,311684339;#NUM!;10,07450413;9,856766319;8,443146213;2,250922069;-0,693147181;6,572874595;4,586808725;4,679875599;10,54835201;10,45031403;#NUM!;#NUM!;10,13909135;7,965972093;9,293704385;#NUM!;10,00851218;9,796757404;8,352176024;2,337354535;-0,693147181;6,585187482;4,586778144;0,064233575;0,124105867;0,137652784;#NUM!;#NUM!;0,175397502;0,250245169;0,142562112;#NUM!;0,22506171;0,421797669;-0,781434048;-0,315911715;2,079441542;0,108763939;0,085023631;0,04772349;0,158881006;0,183970045;#NUM!;#NUM!;0,242998272;0,284160214;0,204077637;#NUM!;0,26909188;0,485163326;-1,400931973;-0,38461817;1,098612289;-0,012314985;0,037760289;0,035290622;0,166548662;0,184475239;#NUM!;#NUM!;0,304639752;0,83285224;0,271272937;#NUM!;0,285003688;0,472843252;-0,247966439;-0,254446134;0;-0,140088378;-0,053903863;0,029063055;0,006055252;0,012170872;#NUM!;#NUM!;0,050368091;0,401615361;0,057235801;#NUM!;0,255937469;0,241429079;0,3199056;0,229749692;-0,693147181;-0,103169178;-0,071662762
mar.2022;116,71;50.277;47.077;4,21;3,92;33.654;3.521;14.536;8;24.537;23.249;1.289;7,8;7,00;809;109,3;1,62;1,82;8,31;2,95;36,24;113,62;44998,89066;40895,86233;5,1;2,242849917;31712,99345;4145,813268;13647,44133;5,299282992;25616,51738;23227,01349;2389,503892;7,5;4;850;110;110,4533333;40449,46377;36767,86189;4,7;0,195980387;29040,32806;3684,228621;11928,53054;1,582118841;23541,404;22526,31461;1015,089395;8,405611155;1,5;771,4315625;105,1868351;108,7233333;39683,21088;35948,36929;0;-3,509097523;26926,62719;3547,440901;11066,5723;-3,353940276;23730,20839;19087,06805;4643,140338;9,496488217;0,5;715,4234426;98,18060834;107,7566667;38114,57416;34555,2243;-0,4;-7,210973469;25313,45487;2881,22864;10869,37396;-9,210893974;22214,75923;17975,36349;4239,395742;10,35380966;0,5;724,2868254;98,17760598;8,953333333;12162,40631;12521,76042;4,606128435;11,13220996;8340,634189;639,7363592;3666,548533;16,9451189;2322,728376;5273,156843;-2950,428467;-2,555944495;6,5;84,8650496;11,12532155;7,068459333;5251,985893;5259,158666;9,5;9,215056699;5101,878518;917,8421442;1813,285132;14,88791774;5162,575046;7993,188154;-2830,613108;-2,786318749;3,5;87,59919355;8,966036305;5,147415286;5942,112534;6178,444848;15,7;6,74338513;6264,786652;911,3084984;2202,017906;11,43615054;5554,051661;8659,190899;-3105,139238;-3,942679528;1;-9,55890625;3,897830579;3,77;6088,133951;6055,843263;15,2;0,139023332;7071,229312;2004,987555;2629,324855;3,568008165;5884,81923;7191,477509;-1306,658278;-2,751579697;0;-107,5821311;-5,437549974;4,759692225;10,82530261;10,75953951;1,436542613;1,366407037;10,42388985;8,166490379;9,584378278;2,045655276;10,10795733;10,05399677;7,161596615;2,05385;1,945910149;6,695986631;4,694123179;4,732816649;10,71439312;10,61878417;1,62924054;0,807747342;10,36448176;8,329854253;9,521307335;1,667571527;10,15099263;10,05307125;7,778841047;2,014903021;1,386294361;6,745236349;4,700480366;4,704593109;10,60780867;10,51237942;1,547562509;-1,629740691;10,27644077;8,211816453;9,386688334;0,458764987;10,06651602;10,02243944;6,922731961;2,128899478;0,405465108;6,648247961;4,65573815;4,688806429;10,58868348;10,489839;#NUM!;#NUM!;10,20087093;8,17398175;9,311684339;#NUM!;10,07450413;9,856766319;8,443146213;2,250922069;-0,693147181;6,572874595;4,586808725;0,079816627;0,276950595;0,309225486;#NUM!;#NUM!;0,284798499;0,200518285;0,290673893;#NUM!;0,099445156;0,257239363;-1,19057941;-0,283504536;2,63905733;0,11079915;0,107345035;0,064233575;0,124105867;0,137652784;#NUM!;#NUM!;0,175397502;0,250245169;0,142562112;#NUM!;0,22506171;0,421797669;-0,781434048;-0,315911715;2,079441542;0,108763939;0,085023631;0,04772349;0,158881006;0,183970045;#NUM!;#NUM!;0,242998272;0,284160214;0,204077637;#NUM!;0,26909188;0,485163326;-1,400931973;-0,38461817;1,098612289;-0,012314985;0,037760289;0,035290622;0,166548662;0,184475239;#NUM!;#NUM!;0,304639752;0,83285224;0,271272937;#NUM!;0,285003688;0,472843252;-0,247966439;-0,254446134;0;-0,140088378;-0,053903863
jun.2022;121,25;51.820;48.385;2,99;5,03;33.734;3.401;13.960;9;25.255;24.805;449;7,8;9,00;841;110,0;1,19;0,61;11,52;3,59;34,60;116,71;50276,98047;47076,98471;4,206128435;3,921236495;33654,08906;3520,964999;14535,92249;7,73422493;24537,48761;23248,52033;1288,967275;7,797865169;7;809,151875;109,3029275;113,615126;44998,89066;40895,86233;5,1;2,242849917;31712,99345;4145,813268;13647,44133;5,299282992;25616,51738;23227,01349;2389,503892;7,5;4;850;110;110,4533333;40449,46377;36767,86189;4,7;0,195980387;29040,32806;3684,228621;11928,53054;1,582118841;23541,404;22526,31461;1015,089395;8,405611155;1,5;771,4315625;105,1868351;108,7233333;39683,21088;35948,36929;0;-3,509097523;26926,62719;3547,440901;11066,5723;-3,353940276;23730,20839;19087,06805;4643,140338;9,496488217;0,5;715,4234426;98,18060834;12,52666667;12136,57103;12436,62558;2,988751141;8,534680288;6807,416924;-146,4485505;2893,806873;12,25440716;1524,374228;5718,406643;-4194,032416;-1,685014466;8,5;125,6157509;11,81537808;8,953333333;12162,40631;12521,76042;4,606128435;11,13220996;8340,634189;639,7363592;3666,548533;16,9451189;2322,728376;5273,156843;-2950,428467;-2,555944495;6,5;84,8650496;11,12532155;7,068459333;5251,985893;5259,158666;9,5;9,215056699;5101,878518;917,8421442;1813,285132;14,88791774;5162,575046;7993,188154;-2830,613108;-2,786318749;3,5;87,59919355;8,966036305;5,147415286;5942,112534;6178,444848;15,7;6,74338513;6264,786652;911,3084984;2202,017906;11,43615054;5554,051661;8659,190899;-3105,139238;-3,942679528;1;-9,55890625;3,897830579;4,79785453;10,85552725;10,78694502;1,094855622;1,61454142;10,42626282;8,131822536;9,543978537;2,186103734;10,13676291;10,11881966;6,107263221;2,055593647;2,197224577;6,734638262;4,700443878;4,759692225;10,82530261;10,75953951;1,436542613;1,366407037;10,42388985;8,166490379;9,584378278;2,045655276;10,10795733;10,05399677;7,161596615;2,05385;1,945910149;6,695986631;4,694123179;4,732816649;10,71439312;10,61878417;1,62924054;0,807747342;10,36448176;8,329854253;9,521307335;1,667571527;10,15099263;10,05307125;7,778841047;2,014903021;1,386294361;6,745236349;4,700480366;4,704593109;10,60780867;10,51237942;1,547562509;-1,629740691;10,27644077;8,211816453;9,386688334;0,458764987;10,06651602;10,02243944;6,922731961;2,128899478;0,405465108;6,648247961;4,65573815;0,109048101;0,266843768;0,29710602;#NUM!;#NUM!;0,225391883;-0,042159214;0,232294198;#NUM!;0,062258777;0,262053342;-2,335882992;-0,195328422;2,890371758;0,161763668;0,113635153;0,079816627;0,276950595;0,309225486;#NUM!;#NUM!;0,284798499;0,200518285;0,290673893;#NUM!;0,099445156;0,257239363;-1,19057941;-0,283504536;2,63905733;0,11079915;0,107345035;0,064233575;0,124105867;0,137652784;#NUM!;#NUM!;0,175397502;0,250245169;0,142562112;#NUM!;0,22506171;0,421797669;-0,781434048;-0,315911715;2,079441542;0,108763939;0,085023631;0,04772349;0,158881006;0,183970045;#NUM!;#NUM!;0,242998272;0,284160214;0,204077637;#NUM!;0,26909188;0,485163326;-1,400931973;-0,38461817;1,098612289;-0,012314985;0,037760289
sept.2022;125,53;49.807;46.280;1,62;4,63;32.912;3.094;13.821;7;23.394;24.863;-1.469;8,0;10,75;926;114,5;1,82;0,18;13,65;4,89;25,87;121,25;51819,78191;48384,99486;2,988751141;5,025582765;33734,04411;3400,992351;13960,37917;8,900466881;25254,58262;24805,47469;449,1079228;7,811473751;9;841,0391935;109,9959864;116,71;50276,98047;47076,98471;4,206128435;3,921236495;33654,08906;3520,964999;14535,92249;7,73422493;24537,48761;23248,52033;1288,967275;7,797865169;7;809,151875;109,3029275;113,615126;44998,89066;40895,86233;5,1;2,242849917;31712,99345;4145,813268;13647,44133;5,299282992;25616,51738;23227,01349;2389,503892;7,5;4;850;110;110,4533333;40449,46377;36767,86189;4,7;0,195980387;29040,32806;3684,228621;11928,53054;1,582118841;23541,404;22526,31461;1015,089395;8,405611155;1,5;771,4315625;105,1868351;15,07666667;9357,671121;9512,311575;-3,077689561;4,432362823;3871,952769;-590,0054885;1892,199361;5,895098411;-147,8056947;2336,322778;-2484,128472;-0,365586749;9,25;154,6593899;9,341120003;12,52666667;12136,57103;12436,62558;2,988751141;8,534680288;6807,416924;-146,4485505;2893,806873;12,25440716;1524,374228;5718,406643;-4194,032416;-1,685014466;8,5;125,6157509;11,81537808;8,953333333;12162,40631;12521,76042;4,606128435;11,13220996;8340,634189;639,7363592;3666,548533;16,9451189;2322,728376;5273,156843;-2950,428467;-2,555944495;6,5;84,8650496;11,12532155;7,068459333;5251,985893;5259,158666;9,5;9,215056699;5101,878518;917,8421442;1813,285132;14,88791774;5162,575046;7993,188154;-2830,613108;-2,786318749;3,5;87,59919355;8,966036305;4,832544774;10,81591352;10,74246893;0,48385133;1,532198966;10,40160114;8,037292146;9,533924911;2,011860698;10,06021769;10,12112145;#NUM!;2,084432119;2,374905755;6,830972451;4,740818942;4,79785453;10,85552725;10,78694502;1,094855622;1,61454142;10,42626282;8,131822536;9,543978537;2,186103734;10,13676291;10,11881966;6,107263221;2,055593647;2,197224577;6,734638262;4,700443878;4,759692225;10,82530261;10,75953951;1,436542613;1,366407037;10,42388985;8,166490379;9,584378278;2,045655276;10,10795733;10,05399677;7,161596615;2,05385;1,945910149;6,695986631;4,694123179;4,732816649;10,71439312;10,61878417;1,62924054;0,807747342;10,36448176;8,329854253;9,521307335;1,667571527;10,15099263;10,05307125;7,778841047;2,014903021;1,386294361;6,745236349;4,700480366;0,127951665;0,208104858;0,230089505;-1,063711179;3,161939657;0,125160379;-0,174524307;0,147236577;1,55309571;-0,006298335;0,098682006;#NUM!;-0,044467359;1,969440646;0,18272449;0,085080792;0,109048101;0,266843768;0,29710602;#NUM!;#NUM!;0,225391883;-0,042159214;0,232294198;#NUM!;0,062258777;0,262053342;-2,335882992;-0,195328422;2,890371758;0,161763668;0,113635153;0,079816627;0,276950595;0,309225486;#NUM!;#NUM!;0,284798499;0,200518285;0,290673893;#NUM!;0,099445156;0,257239363;-1,19057941;-0,283504536;2,63905733;0,11079915;0,107345035;0,064233575;0,124105867;0,137652784;#NUM!;#NUM!;0,175397502;0,250245169;0,142562112;#NUM!;0,22506171;0,421797669;-0,781434048;-0,315911715;2,079441542;0,108763939;0,085023631
dic.2022;128,19;53.849;49.532;1,19;3,34;34.549;3.163;16.013;5;24.198;21.863;2.335;7,9;11,25;900;112,5;0,61;-0,02;12,83;6,63;21,12;125,53;49807,13489;46280,17346;1,622310439;4,62834321;32912,28083;3094,223132;13820,72991;7,477217252;23393,59831;24862,63738;-1469,039078;8,040024407;10,75;926,0909524;114,5279551;121,25;51819,78191;48384,99486;2,988751141;5,025582765;33734,04411;3400,992351;13960,37917;8,900466881;25254,58262;24805,47469;449,1079228;7,811473751;9;841,0391935;109,9959864;116,71;50276,98047;47076,98471;4,206128435;3,921236495;33654,08906;3520,964999;14535,92249;7,73422493;24537,48761;23248,52033;1288,967275;7,797865169;7;809,151875;109,3029275;113,615126;44998,89066;40895,86233;5,1;2,242849917;31712,99345;4145,813268;13647,44133;5,299282992;25616,51738;23227,01349;2389,503892;7,5;4;850;110;14,57348973;8850,07065;8636,12129;-3,910289664;1,095629499;2835,869031;-982,44581;2365,78284;0,065610857;-1418,242984;-1364,088576;-54,15440831;0,350753237;7,25;50;2,5;15,07666667;9357,671121;9512,311575;-3,077689561;4,432362823;3871,952769;-590,0054885;1892,199361;5,895098411;-147,8056947;2336,322778;-2484,128472;-0,365586749;9,25;154,6593899;9,341120003;12,52666667;12136,57103;12436,62558;2,988751141;8,534680288;6807,416924;-146,4485505;2893,806873;12,25440716;1524,374228;5718,406643;-4194,032416;-1,685014466;8,5;125,6157509;11,81537808;8,953333333;12162,40631;12521,76042;4,606128435;11,13220996;8340,634189;639,7363592;3666,548533;16,9451189;2322,728376;5273,156843;-2950,428467;-2,555944495;6,5;84,8650496;11,12532155;4,85350274;10,89393839;10,81037387;0,173709862;1,205515439;10,4501299;8,05939239;9,681170171;1,67987659;10,0940366;9,992547555;7,755916831;2,060609481;2,420368129;6,802394763;4,722953222;4,832544774;10,81591352;10,74246893;0,48385133;1,532198966;10,40160114;8,037292146;9,533924911;2,011860698;10,06021769;10,12112145;#NUM!;2,084432119;2,374905755;6,830972451;4,740818942;4,79785453;10,85552725;10,78694502;1,094855622;1,61454142;10,42626282;8,131822536;9,543978537;2,186103734;10,13676291;10,11881966;6,107263221;2,055593647;2,197224577;6,734638262;4,700443878;4,759692225;10,82530261;10,75953951;1,436542613;1,366407037;10,42388985;8,166490379;9,584378278;2,045655276;10,10795733;10,05399677;7,161596615;2,05385;1,945910149;6,695986631;4,694123179;0,120686091;0,179545277;0,191589702;-1,455530678;0,397768097;0,085648141;-0,270461862;0,159862836;0,012305063;-0,056956029;-0,0605237;-0,022924216;0,04570646;1,034073768;0,057158414;0,022472856;0,127951665;0,208104858;0,230089505;-1,063711179;3,161939657;0,125160379;-0,174524307;0,147236577;1,55309571;-0,006298335;0,098682006;#NUM!;-0,044467359;1,969440646;0,18272449;0,085080792;0,109048101;0,266843768;0,29710602;#NUM!;#NUM!;0,225391883;-0,042159214;0,232294198;#NUM!;0,062258777;0,262053342;-2,335882992;-0,195328422;2,890371758;0,161763668;0,113635153;0,079816627;0,276950595;0,309225486;#NUM!;#NUM!;0,284798499;0,200518285;0,290673893;#NUM!;0,099445156;0,257239363;-1,19057941;-0,283504536;2,63905733;0,11079915;0,107345035
mar.2023;130,47;50.270;47.267;1,82;2,15;31.621;2.456;13.498;3;26.068;19.511;6.557;8,8;11,25;812;97,8;0,18;#REF!;11,79;8,31;0,40;128,1886157;53848,96131;49531,98362;1,189710336;3,338479416;34548,86248;3163,367458;16013,22417;5,364893849;24198,2744;21862,92491;2335,349484;7,850753237;11,25;900;112,5;125,53;49807,13489;46280,17346;1,622310439;4,62834321;32912,28083;3094,223132;13820,72991;7,477217252;23393,59831;24862,63738;-1469,039078;8,040024407;10,75;926,0909524;114,5279551;121,25;51819,78191;48384,99486;2,988751141;5,025582765;33734,04411;3400,992351;13960,37917;8,900466881;25254,58262;24805,47469;449,1079228;7,811473751;9;841,0391935;109,9959864;116,71;50276,98047;47076,98471;4,206128435;3,921236495;33654,08906;3520,964999;14535,92249;7,73422493;24537,48761;23248,52033;1288,967275;7,797865169;7;809,151875;109,3029275;13,7589656;-7,399853796;189,6566361;-2,383087791;-1,766545544;-2032,679795;-1064,569293;-1037,816265;-4,860791478;1530,032092;-3738,014255;5268,046347;1,010613592;4,25;2,36046875;-11,5285247;14,57348973;8850,07065;8636,12129;-3,910289664;1,095629499;2835,869031;-982,44581;2365,78284;0,065610857;-1418,242984;-1364,088576;-54,15440831;0,350753237;7,25;50;2,5;15,07666667;9357,671121;9512,311575;-3,077689561;4,432362823;3871,952769;-590,0054885;1892,199361;5,895098411;-147,8056947;2336,322778;-2484,128472;-0,365586749;9,25;154,6593899;9,341120003;12,52666667;12136,57103;12436,62558;2,988751141;8,534680288;6807,416924;-146,4485505;2893,806873;12,25440716;1524,374228;5718,406643;-4194,032416;-1,685014466;8,5;125,6157509;11,81537808;4,871135387;10,82515541;10,76356007;0,60050579;0,767647303;10,36158968;7,806450395;9,510304675;1,055507639;10,16844536;9,878708373;8,788290538;2,175714753;2,420368129;6,698899598;4,582662813;4,85350274;10,89393839;10,81037387;0,173709862;1,205515439;10,4501299;8,05939239;9,681170171;1,67987659;10,0940366;9,992547555;7,755916831;2,060609481;2,420368129;6,802394763;4,722953222;4,832544774;10,81591352;10,74246893;0,48385133;1,532198966;10,40160114;8,037292146;9,533924911;2,011860698;10,06021769;10,12112145;#NUM!;2,084432119;2,374905755;6,830972451;4,740818942;4,79785453;10,85552725;10,78694502;1,094855622;1,61454142;10,42626282;8,131822536;9,543978537;2,186103734;10,13676291;10,11881966;6,107263221;2,055593647;2,197224577;6,734638262;4,700443878;0,111443162;-0,000147193;0,004020555;-0,836036823;-0,598759733;-0,062300167;-0,360039984;-0,074073603;-0,990147637;0,060488029;-0,175288395;1,626693923;0,121864753;0,47445798;0,002912967;-0,111460366;0,120686091;0,179545277;0,191589702;-1,455530678;0,397768097;0,085648141;-0,270461862;0,159862836;0,012305063;-0,056956029;-0,0605237;-0,022924216;0,04570646;1,034073768;0,057158414;0,022472856;0,127951665;0,208104858;0,230089505;-1,063711179;3,161939657;0,125160379;-0,174524307;0,147236577;1,55309571;-0,006298335;0,098682006;#NUM!;-0,044467359;1,969440646;0,18272449;0,085080792;0,109048101;0,266843768;0,29710602;#NUM!;#NUM!;0,225391883;-0,042159214;0,232294198;#NUM!;0,062258777;0,262053342;-2,335882992;-0,195328422;2,890371758;0,161763668;0,113635153
jun.2023;131,82;50.959;47.706;0,61;1,32;32.078;2.565;13.121;1;23.179;19.736;3.443;8,5;11,25;801;94,9;-0,02;#REF!;8,72;11,52;-1,40;130,4689656;50269,58062;47266,64135;1,823040643;2,154690951;31621,40927;2456,395707;13498,10622;2,873433452;26067,5197;19510,50608;6557,013621;8,808478761;11,25;811,5123438;97,77440284;128,1886157;53848,96131;49531,98362;1,189710336;3,338479416;34548,86248;3163,367458;16013,22417;5,364893849;24198,2744;21862,92491;2335,349484;7,850753237;11,25;900;112,5;125,53;49807,13489;46280,17346;1,622310439;4,62834321;32912,28083;3094,223132;13820,72991;7,477217252;23393,59831;24862,63738;-1469,039078;8,040024407;10,75;926,0909524;114,5279551;121,25;51819,78191;48384,99486;2,988751141;5,025582765;33734,04411;3400,992351;13960,37917;8,900466881;25254,58262;24805,47469;449,1079228;7,811473751;9;841,0391935;109,9959864;10,57004345;-860,3205738;-679,4576323;-2,382269578;-3,705277584;-1656,479224;-835,8147915;-839,5922757;-8,128309288;-2075,90013;-5069,488062;2993,587932;0,716110902;2,25;-40,37804601;-15,07762259;13,7589656;-7,399853796;189,6566361;-2,383087791;-1,766545544;-2032,679795;-1064,569293;-1037,816265;-4,860791478;1530,032092;-3738,014255;5268,046347;1,010613592;4,25;2,36046875;-11,5285247;14,57348973;8850,07065;8636,12129;-3,910289664;1,095629499;2835,869031;-982,44581;2365,78284;0,065610857;-1418,242984;-1364,088576;-54,15440831;0,350753237;7,25;50;2,5;15,07666667;9357,671121;9512,311575;-3,077689561;4,432362823;3871,952769;-590,0054885;1892,199361;5,895098411;-147,8056947;2336,322778;-2484,128472;-0,365586749;9,25;154,6593899;9,341120003;4,881437685;10,83878572;10,77280275;-0,50008095;0,277862908;10,37591215;7,849782979;9,481953037;-0,258566614;10,05098828;9,890198981;8,144010122;2,143306162;2,420368129;6,685437821;4,553017194;4,871135387;10,82515541;10,76356007;0,60050579;0,767647303;10,36158968;7,806450395;9,510304675;1,055507639;10,16844536;9,878708373;8,788290538;2,175714753;2,420368129;6,698899598;4,582662813;4,85350274;10,89393839;10,81037387;0,173709862;1,205515439;10,4501299;8,05939239;9,681170171;1,67987659;10,0940366;9,992547555;7,755916831;2,060609481;2,420368129;6,802394763;4,722953222;4,832544774;10,81591352;10,74246893;0,48385133;1,532198966;10,40160114;8,037292146;9,533924911;2,011860698;10,06021769;10,12112145;#NUM!;2,084432119;2,374905755;6,830972451;4,740818942;0,083583155;-0,016741526;-0,014142267;-1,594936571;-1,336678513;-0,050350666;-0,282039557;-0,0620255;-2,444670348;-0,085774631;-0,228620681;2,036746901;0,087712516;0,223143551;-0,049200442;-0,147426684;0,111443162;-0,000147193;0,004020555;-0,836036823;-0,598759733;-0,062300167;-0,360039984;-0,074073603;-0,990147637;0,060488029;-0,175288395;1,626693923;0,121864753;0,47445798;0,002912967;-0,111460366;0,120686091;0,179545277;0,191589702;-1,455530678;0,397768097;0,085648141;-0,270461862;0,159862836;0,012305063;-0,056956029;-0,0605237;-0,022924216;0,04570646;1,034073768;0,057158414;0,022472856;0,127951665;0,208104858;0,230089505;-1,063711179;3,161939657;0,125160379;-0,174524307;0,147236577;1,55309571;-0,006298335;0,098682006;#NUM!;-0,044467359;1,969440646;0,18272449;0,085080792
sept.2023;132,59;49.753;45.982;0,18;0,69;32.032;2.718;13.293;-1;22.281;20.401;1.880;8,9;9,50;850;99,2;#REF!;#REF!;5,63;13,65;-0,64;131,8200434;50959,46133;47705,53723;0,606481563;1,320305181;32077,56489;2565,177559;13120,78689;0,772157593;23178,68249;19735,98663;3442,695854;8,527584653;11,25;800,6611475;94,91836384;130,4689656;50269,58062;47266,64135;1,823040643;2,154690951;31621,40927;2456,395707;13498,10622;2,873433452;26067,5197;19510,50608;6557,013621;8,808478761;11,25;811,5123438;97,77440284;128,1886157;53848,96131;49531,98362;1,189710336;3,338479416;34548,86248;3163,367458;16013,22417;5,364893849;24198,2744;21862,92491;2335,349484;7,850753237;11,25;900;112,5;125,53;49807,13489;46280,17346;1,622310439;4,62834321;32912,28083;3094,223132;13820,72991;7,477217252;23393,59831;24862,63738;-1469,039078;8,040024407;10,75;926,0909524;114,5279551;7,063463286;-54,42289659;-298,1365985;-1,443522261;-3,942516175;-880,355519;-376,3059244;-527,3471561;-8,104073327;-1112,594966;-4461,951037;3349,356071;0,872984165;-1,25;-75,93740399;-15,34785508;10,57004345;-860,3205738;-679,4576323;-2,382269578;-3,705277584;-1656,479224;-835,8147915;-839,5922757;-8,128309288;-2075,90013;-5069,488062;2993,587932;0,716110902;2,25;-40,37804601;-15,07762259;13,7589656;-7,399853796;189,6566361;-2,383087791;-1,766545544;-2032,679795;-1064,569293;-1037,816265;-4,860791478;1530,032092;-3738,014255;5268,046347;1,010613592;4,25;2,36046875;-11,5285247;14,57348973;8850,07065;8636,12129;-3,910289664;1,095629499;2835,869031;-982,44581;2365,78284;0,065610857;-1418,242984;-1364,088576;-54,15440831;0,350753237;7,25;50;2,5;4,88728778;10,81482025;10,7360061;-1,721553534;-0,377129818;10,37448835;7,907621134;9,495021653;#NUM!;10,01148973;9,923323824;7,539195655;2,187511847;2,251291799;6,745416978;4,596937389;4,881437685;10,83878572;10,77280275;-0,50008095;0,277862908;10,37591215;7,849782979;9,481953037;-0,258566614;10,05098828;9,890198981;8,144010122;2,143306162;2,420368129;6,685437821;4,553017194;4,871135387;10,82515541;10,76356007;0,60050579;0,767647303;10,36158968;7,806450395;9,510304675;1,055507639;10,16844536;9,878708373;8,788290538;2,175714753;2,420368129;6,698899598;4,582662813;4,85350274;10,89393839;10,81037387;0,173709862;1,205515439;10,4501299;8,05939239;9,681170171;1,67987659;10,0940366;9,992547555;7,755916831;2,060609481;2,420368129;6,802394763;4,722953222;0,054743006;-0,00109327;-0,006462833;-2,205404864;-1,909328784;-0,027112794;-0,129671013;-0,038903258;#NUM!;-0,048727961;-0,197797625;#NUM!;0,103079728;-0,123613956;-0,085555472;-0,143881553;0,083583155;-0,016741526;-0,014142267;-1,594936571;-1,336678513;-0,050350666;-0,282039557;-0,0620255;-2,444670348;-0,085774631;-0,228620681;2,036746901;0,087712516;0,223143551;-0,049200442;-0,147426684;0,111443162;-0,000147193;0,004020555;-0,836036823;-0,598759733;-0,062300167;-0,360039984;-0,074073603;-0,990147637;0,060488029;-0,175288395;1,626693923;0,121864753;0,47445798;0,002912967;-0,111460366;0,120686091;0,179545277;0,191589702;-1,455530678;0,397768097;0,085648141;-0,270461862;0,159862836;0,012305063;-0,056956029;-0,0605237;-0,022924216;0,04570646;1,034073768;0,057158414;0,022472856
dic.2023;134,45;53.656;49.817;-0,02;0,20;34.449;2.957;15.074;-1;23.600;21.200;2.400;8,6;8,50;870;100,0;#REF!;#REF!;4,88;12,83;0,58;132,5934633;49752,71199;45982,03687;0,178788179;0,685827035;32031,92531;2717,917208;13293,38275;-0,626856075;22281,00334;20400,68635;1880,316994;8,913008572;9,5;850,1535484;99,18009997;131,8200434;50959,46133;47705,53723;0,606481563;1,320305181;32077,56489;2565,177559;13120,78689;0,772157593;23178,68249;19735,98663;3442,695854;8,527584653;11,25;800,6611475;94,91836384;130,4689656;50269,58062;47266,64135;1,823040643;2,154690951;31621,40927;2456,395707;13498,10622;2,873433452;26067,5197;19510,50608;6557,013621;8,808478761;11,25;811,5123438;97,77440284;128,1886157;53848,96131;49531,98362;1,189710336;3,338479416;34548,86248;3163,367458;16013,22417;5,364893849;24198,2744;21862,92491;2335,349484;7,850753237;11,25;900;112,5;6,259051598;-192,6579406;285,4728133;-1,205465509;-3,136249894;-99,92387856;-206,1967709;-938,8473596;-6,82657289;-598,2743971;-662,9249133;64,65051623;0,705508299;-2,75;-30;-12,5;7,063463286;-54,42289659;-298,1365985;-1,443522261;-3,942516175;-880,355519;-376,3059244;-527,3471561;-8,104073327;-1112,594966;-4461,951037;3349,356071;0,872984165;-1,25;-75,93740399;-15,34785508;10,57004345;-860,3205738;-679,4576323;-2,382269578;-3,705277584;-1656,479224;-835,8147915;-839,5922757;-8,128309288;-2075,90013;-5069,488062;2993,587932;0,716110902;2,25;-40,37804601;-15,07762259;13,7589656;-7,399853796;189,6566361;-2,383087791;-1,766545544;-2032,679795;-1064,569293;-1037,816265;-4,860791478;1530,032092;-3738,014255;5268,046347;1,010613592;4,25;2,36046875;-11,5285247;4,901175033;10,89035423;10,81612073;#NUM!;-1,598351981;10,44723347;7,991988241;9,620751682;#NUM!;10,06900199;9,961756461;7,783224016;2,146663358;2,140066163;6,768493212;4,605170186;4,88728778;10,81482025;10,7360061;-1,721553534;-0,377129818;10,37448835;7,907621134;9,495021653;#NUM!;10,01148973;9,923323824;7,539195655;2,187511847;2,251291799;6,745416978;4,596937389;4,881437685;10,83878572;10,77280275;-0,50008095;0,277862908;10,37591215;7,849782979;9,481953037;-0,258566614;10,05098828;9,890198981;8,144010122;2,143306162;2,420368129;6,685437821;4,553017194;4,871135387;10,82515541;10,76356007;0,60050579;0,767647303;10,36158968;7,806450395;9,510304675;1,055507639;10,16844536;9,878708373;8,788290538;2,175714753;2,420368129;6,698899598;4,582662813;0,047672293;-0,003584162;0,005746859;#NUM!;-2,803867419;-0,002896439;-0,067404149;-0,060418489;#NUM!;-0,025034613;-0,030791094;0,027307186;0,086053877;-0,280301965;-0,033901552;-0,117783036;0,054743006;-0,00109327;-0,006462833;-2,205404864;-1,909328784;-0,027112794;-0,129671013;-0,038903258;#NUM!;-0,048727961;-0,197797625;#NUM!;0,103079728;-0,123613956;-0,085555472;-0,143881553;0,083583155;-0,016741526;-0,014142267;-1,594936571;-1,336678513;-0,050350666;-0,282039557;-0,0620255;-2,444670348;-0,085774631;-0,228620681;2,036746901;0,087712516;0,223143551;-0,049200442;-0,147426684;0,111443162;-0,000147193;0,004020555;-0,836036823;-0,598759733;-0,062300167;-0,360039984;-0,074073603;-0,990147637;0,060488029;-0,175288395;1,626693923;0,121864753;0,47445798;0,002912967;-0,111460366
